"kind","bucket","name","ext","bytes","sha256","path"
"pdf","root","G0-Explanatory_Note.pdf",".pdf","370652","205074063E04390FEF4E23A6E5E86E0A0E48B528DDD666DDD618203B30115127","MAGNE.AI/assets/pdfs/G0-Explanatory_Note.pdf"
"pdf","root","G1-Regional.pdf",".pdf","90423","43425767BFFE87BE1847D84F0CE6C02415E623D2BC3B79A5793D55DEB1937164","MAGNE.AI/assets/pdfs/G1-Regional.pdf"
"pdf","root","G10-Android_Partner_Approvals.pdf",".pdf","1505676","9F4D5D43AC532BBD17BB855477F0952B2F6C54E33C5B561A6DF41A58A8C341E9","MAGNE.AI/assets/pdfs/G10-Android_Partner_Approvals.pdf"
"pdf","root","G11-Extended_Info.pdf",".pdf","169388","5BC4222FAB4DD75F14472671D5DC83AC63A26BFB96D99A716858FD8A0E890758","MAGNE.AI/assets/pdfs/G11-Extended_Info.pdf"
"pdf","root","G12-Reports.pdf",".pdf","201626","F7AAB7EE67AAA49B55E22F9F04EC6E529142E5B1877680362621F54AAA825534","MAGNE.AI/assets/pdfs/G12-Reports.pdf"
"pdf","root","G13-Tests.pdf",".pdf","358544","4B98A016C068C283FF2C9F5121DB4BEEC930F9D76FA91488B755FF1D540880DC","MAGNE.AI/assets/pdfs/G13-Tests.pdf"
"pdf","root","G14-deviceinfo.pdf",".pdf","80261","81E47AB7C647FD6E27E4E583B00B5F51D6B2416A889CA19A5356EF0394A0CCD4","MAGNE.AI/assets/pdfs/G14-deviceinfo.pdf"
"pdf","root","G15-SE.pdf",".pdf","241440","4B1D62DE540F1441D993C5231ACEB841ED22F7DC9F620E1768635909DE9A88A2","MAGNE.AI/assets/pdfs/G15-SE.pdf"
"pdf","root","G2-Worldwide.pdf",".pdf","106910","27CF0E46E6CA1A2A69713446026DED8A346B0F6A112B9D945CCFB8C7C3708AE4","MAGNE.AI/assets/pdfs/G2-Worldwide.pdf"
"pdf","root","G3-build.pdf",".pdf","43560","9770BA9751689BA84D07BBB668C0825698F3C65A90514C8F7DFF3C2277D92FBC","MAGNE.AI/assets/pdfs/G3-build.pdf"
"pdf","root","G4-Details.pdf",".pdf","55611","1F12D3912EA11B5738C82DE6E799DCD984296F8EFD2E356650908BF91149DF18","MAGNE.AI/assets/pdfs/G4-Details.pdf"
"pdf","root","G5-device.pdf",".pdf","39474","4E3A6291A483A802CB7321F5234C168AB1F99E7BED9A6752918BFCA28DF1A43B","MAGNE.AI/assets/pdfs/G5-device.pdf"
"pdf","root","G6-overview.pdf",".pdf","98670","4A332CA461BF5892EAE8055FEBB2910BED5542BFA6A4E2F4DEC362AD33E47CEC","MAGNE.AI/assets/pdfs/G6-overview.pdf"
"pdf","root","G7-product.pdf",".pdf","36423","786F3B1AA2B2A25C2A44CA33203F1CABBC8363F7AB23514F7EE79279C0C87109","MAGNE.AI/assets/pdfs/G7-product.pdf"
"pdf","root","G8-sublicense.pdf",".pdf","56960","A478D2F358A1F6E34CCCF1CB71B8CA881795BD97653A047173C1AA700D61D86B","MAGNE.AI/assets/pdfs/G8-sublicense.pdf"
"pdf","root","G9-WidevineL1.pdf",".pdf","16064","22B4CF1618666CD4CE333D23199C15894F98FF378DC2DC6D983B5748B8254845","MAGNE.AI/assets/pdfs/G9-WidevineL1.pdf"
"pdf","root","GSMA-TAC-Certificate.pdf",".pdf","183170","162B8FD9A19A7F56BF5D713506AA5DEC5D65FBC4742CCA43855727A9000A654E","MAGNE.AI/assets/pdfs/GSMA-TAC-Certificate.pdf"
"pdf","cb","CN25UQGP_001_TR_MGU_62133_Test-Report.pdf",".pdf","4025140","CCD9D6F3AE3F3F5AA19D56D72F57C780D6EA7A227AFD82425E2AADA5D22EF2C6","MAGNE.AI/assets/pdfs/cb/CN25UQGP_001_TR_MGU_62133_Test-Report.pdf"
"pdf","cb","JPTUV-182068_MGU_62133_Certificate.pdf",".pdf","481957","72D5AEFC6C233DB48F5A5C96819B740172F30FE087777D0ABAC2C2E8A742F448","MAGNE.AI/assets/pdfs/cb/JPTUV-182068_MGU_62133_Certificate.pdf"
"pdf","cp65","TUV-Rheinland-CP65-Report-27220370a-001.pdf",".pdf","1635250","A4F74A353E5F8EC84EAEFD1406F57335EB3B25F9F4BF892AFF14AADDA7A81E21","MAGNE.AI/assets/pdfs/cp65/TUV-Rheinland-CP65-Report-27220370a-001.pdf"
"pdf","fcc","2BVCPGC603606_Antenna Report II.pdf",".pdf","347785","98D65BE477E31D76E5CD8F786F816EA71E59270483C10A74CFFDB2BCFEB85CC0","MAGNE.AI/assets/pdfs/fcc/2BVCPGC603606_Antenna Report II.pdf"
"pdf","fcc","2BVCPGC603606_Antenna Report.pdf",".pdf","347785","98D65BE477E31D76E5CD8F786F816EA71E59270483C10A74CFFDB2BCFEB85CC0","MAGNE.AI/assets/pdfs/fcc/2BVCPGC603606_Antenna Report.pdf"
"pdf","fcc","2BVCPGC603606_cvrltr_Attention for U.S. Agent.pdf",".pdf","1133137","03C4F6A3F1DE3FF8605E17BA5915B4281EA361CB1739C4816EFCC3100B39AD02","MAGNE.AI/assets/pdfs/fcc/2BVCPGC603606_cvrltr_Attention for U.S. Agent.pdf"
"pdf","fcc","2BVCPGC603606_cvrltr_Attestation HAC Waiver Letter.pdf",".pdf","2567368","CA0212A5E0A040A2ED2897B074DAE4EC870FEC930D6D2DBBC4BA8497B8BB59D9","MAGNE.AI/assets/pdfs/fcc/2BVCPGC603606_cvrltr_Attestation HAC Waiver Letter.pdf"
"pdf","fcc","2BVCPGC603606_cvrltr_Certification_2.911d5(i)&(ii).pdf",".pdf","3096657","55C9DB6DB11FAD19E9DF4121219C910AAE58C05FF17DBE174DF6A488EE579B46","MAGNE.AI/assets/pdfs/fcc/2BVCPGC603606_cvrltr_Certification_2.911d5(i)&(ii).pdf"
"pdf","fcc","2BVCPGC603606_cvrltr_Class II Permissive Change.pdf",".pdf","252340","DB3EA9CA51A1BD2AC90F640BDFFEAF5030F754E3ED4CE38ABD841D62591AE573","MAGNE.AI/assets/pdfs/fcc/2BVCPGC603606_cvrltr_Class II Permissive Change.pdf"
"pdf","fcc","2BVCPGC603606_cvrltr_Declaration Letter for HAC.pdf",".pdf","2903965","90D27BB404A28461532A4BC4FB2132817D03CC9859CEBDB962981F759DEFAD3A","MAGNE.AI/assets/pdfs/fcc/2BVCPGC603606_cvrltr_Declaration Letter for HAC.pdf"
"pdf","fcc","2BVCPGC603606_cvrltr_FCC Confidentiality Request(LTC+STC).pdf",".pdf","2820324","A4BE28AA3206F949E8102E84AE94F3A640E3C9CEE034AA1BE19064D3E4D61872","MAGNE.AI/assets/pdfs/fcc/2BVCPGC603606_cvrltr_FCC Confidentiality Request(LTC+STC).pdf"
"pdf","fcc","2BVCPGC603606_cvrltr_FCC Confidentiality Request(STC).pdf",".pdf","270729","62C4251007BA38F5CC4E6A00EB0C1AF456E39B20351A2D305E4395D681B85BDF","MAGNE.AI/assets/pdfs/fcc/2BVCPGC603606_cvrltr_FCC Confidentiality Request(STC).pdf"
"pdf","fcc","2BVCPGC603606_cvrltr_FCC POA II.pdf",".pdf","281469","152542AD5DA677F9EC7D9CE49F11DF693AC7FB2280A0920C486F7647EC3C2489","MAGNE.AI/assets/pdfs/fcc/2BVCPGC603606_cvrltr_FCC POA II.pdf"
"pdf","fcc","2BVCPGC603606_cvrltr_FCC POA.pdf",".pdf","3027346","F3E9BE5055FB628357BF840C801143EF26355F4A16E1DD316D88C146A15542C1","MAGNE.AI/assets/pdfs/fcc/2BVCPGC603606_cvrltr_FCC POA.pdf"
"pdf","fcc","2BVCPGC603606_CXX.pdf",".pdf","121461","D5994119076D189C014C0AF33D373AF96A876B46EDD88777107A726B88F7BE39","MAGNE.AI/assets/pdfs/fcc/2BVCPGC603606_CXX.pdf"
"pdf","fcc","2BVCPGC603606_DSS.pdf",".pdf","125160","75E7CA832986C16CA677C2FED6B24ACDE37D159B765DA816AE4A50B875EE72ED","MAGNE.AI/assets/pdfs/fcc/2BVCPGC603606_DSS.pdf"
"pdf","fcc","2BVCPGC603606_DTS.pdf",".pdf","126950","16D0EC43C67F1FC4DA5D9E7963968A2EBABDE00788B7C257ED7E6314F64C94CF","MAGNE.AI/assets/pdfs/fcc/2BVCPGC603606_DTS.pdf"
"pdf","fcc","2BVCPGC603606_DXX.pdf",".pdf","123657","6309F8FCE29A0DEAC55F0AD68A8F0810A7DF777771ADE04BA81DEF0417117290","MAGNE.AI/assets/pdfs/fcc/2BVCPGC603606_DXX.pdf"
"pdf","fcc","2BVCPGC603606_JBP.pdf",".pdf","120162","17F5049EB33299B0C0A8AEE7FCAD1C0746CAA9BC31BB166D1469A4B9FD0DFFDF","MAGNE.AI/assets/pdfs/fcc/2BVCPGC603606_JBP.pdf"
"pdf","fcc","2BVCPGC603606_Label Location.pdf",".pdf","46207","8BBEC6BBDCE2CB6F47D9AE48BB1DB212DFEE8DF8EC156811DC34C3BCA7AE28C1","MAGNE.AI/assets/pdfs/fcc/2BVCPGC603606_Label Location.pdf"
"pdf","fcc","2BVCPGC603606_Label.pdf",".pdf","388708","42148578DC77AB33B599CE9DDE58C92DEC4AEB1C2A4E9716E10A5CC445A826A5","MAGNE.AI/assets/pdfs/fcc/2BVCPGC603606_Label.pdf"
"pdf","fcc","2BVCPGC603606_NII.pdf",".pdf","128016","A70511342AA57671D909740304A5C156D2D49F6353B3F8A265F335A598D1E147","MAGNE.AI/assets/pdfs/fcc/2BVCPGC603606_NII.pdf"
"pdf","fcc","2BVCPGC603606_PCE.pdf",".pdf","153854","A624443A2E35464C061F0675EDC4B1D7EB2C13317D5336126523426EE0221BE7","MAGNE.AI/assets/pdfs/fcc/2BVCPGC603606_PCE.pdf"
"pdf","fcc","2BVCPGC603606_RF Exposure Declaration.pdf",".pdf","90617","149750537862DDB9C85DCBA17C2A1CEBEC2782422AF00BD2F548E5E1B7D5164F","MAGNE.AI/assets/pdfs/fcc/2BVCPGC603606_RF Exposure Declaration.pdf"
"pdf","fcc","2BVCPGC603606_TestRpt_CXX_v1.pdf",".pdf","823200","009C9508B3CFB19127508CFF2321E8F4AF4C0C76280420943CAB831CEC0EB0CB","MAGNE.AI/assets/pdfs/fcc/2BVCPGC603606_TestRpt_CXX_v1.pdf"
"pdf","fcc","2BVCPGC603606_TestRpt_HAC RF.pdf",".pdf","1157308","15560187FDD167A307B221F1BFC4EFDBBDB54A61BE4E7337C7E543C5460E5770","MAGNE.AI/assets/pdfs/fcc/2BVCPGC603606_TestRpt_HAC RF.pdf"
"pdf","fcc","2BVCPGC603606_TestRpt_HAC RF_Appendix A.pdf",".pdf","201877","704359347CF3CFDCCE8C0E00CE353D68FC591FCB017274AFA1073B6BED3E7336","MAGNE.AI/assets/pdfs/fcc/2BVCPGC603606_TestRpt_HAC RF_Appendix A.pdf"
"pdf","fcc","2BVCPGC603606_TestRpt_HAC RF_Appendix B.pdf",".pdf","611142","99D6C2F98F7F4565441840C537B233D7081CDDC48149F001481E779553C7AF5C","MAGNE.AI/assets/pdfs/fcc/2BVCPGC603606_TestRpt_HAC RF_Appendix B.pdf"
"pdf","fcc","2BVCPGC603606_TestRpt_HAC RF_Appendix C_Part1-2.pdf",".pdf","4131892","EF622DE8073F947C53354FC31AB7F12640150376CF7F0DE80925531283B190C6","MAGNE.AI/assets/pdfs/fcc/2BVCPGC603606_TestRpt_HAC RF_Appendix C_Part1-2.pdf"
"pdf","fcc","2BVCPGC603606_TestRpt_HAC RF_Appendix C_Part2-2.pdf",".pdf","2062077","98DACFBD21EF42D2C10DB510ECC28C65840A8F02B7A0234DDFD8C7B3CAFE7DB5","MAGNE.AI/assets/pdfs/fcc/2BVCPGC603606_TestRpt_HAC RF_Appendix C_Part2-2.pdf"
"pdf","fcc","2BVCPGC603606_TestRpt_HAC RF_Appendix E.pdf",".pdf","1769682","E29C9B9B0FF3615B882C854B54CE889ADFDA7CB2EA15368C9E6A6E1FB2E12660","MAGNE.AI/assets/pdfs/fcc/2BVCPGC603606_TestRpt_HAC RF_Appendix E.pdf"
"pdf","fcc","2BVCPGC603606_TestRpt_HAC T-Coil VOIP_Appendix A_v1.pdf",".pdf","1918180","8F16101E2B28806914D55450BD7033049C1513523B68D5CC7AADCC11318D275B","MAGNE.AI/assets/pdfs/fcc/2BVCPGC603606_TestRpt_HAC T-Coil VOIP_Appendix A_v1.pdf"
"pdf","fcc","2BVCPGC603606_TestRpt_HAC T-Coil VOIP_Appendix B.pdf",".pdf","895091","44F6C9D2CA772382BE45CE57B10351FFCD42E710FCCEE9B41156F3D8ABFA9A67","MAGNE.AI/assets/pdfs/fcc/2BVCPGC603606_TestRpt_HAC T-Coil VOIP_Appendix B.pdf"
"pdf","fcc","2BVCPGC603606_TestRpt_HAC T-Coil VOIP_v2.pdf",".pdf","813570","420BD0EB82126ACA5F5A54B0C128242D38A8725FF21067C6A19242E762F67316","MAGNE.AI/assets/pdfs/fcc/2BVCPGC603606_TestRpt_HAC T-Coil VOIP_v2.pdf"
"pdf","fcc","2BVCPGC603606_TestRpt_HAC T-Coil.pdf",".pdf","1107333","64D7C3A1CC1B4E27E1B009B2EF6348529613A8D98FA8EF26301D1A3348D63AF4","MAGNE.AI/assets/pdfs/fcc/2BVCPGC603606_TestRpt_HAC T-Coil.pdf"
"pdf","fcc","2BVCPGC603606_TestRpt_HAC T-Coil_Appendix A.pdf",".pdf","4705060","1217446FBD8DA16754699EE23EB1D9893E7E51B906EAB0530187E91F94CA5C55","MAGNE.AI/assets/pdfs/fcc/2BVCPGC603606_TestRpt_HAC T-Coil_Appendix A.pdf"
"pdf","fcc","2BVCPGC603606_TestRpt_HAC T-Coil_Appendix B.pdf",".pdf","3768947","6A49342303B7AA97D58F691464A5E668EF7905EDF8D653948CEB301A1B2988B0","MAGNE.AI/assets/pdfs/fcc/2BVCPGC603606_TestRpt_HAC T-Coil_Appendix B.pdf"
"pdf","fcc","2BVCPGC603606_TestRpt_HAC Volume Control.pdf",".pdf","1199599","CBEA7D4AE8855D78C74C18674B85AFD3D6A4EA4FBD1B9C4531DF4D674BB57ABB","MAGNE.AI/assets/pdfs/fcc/2BVCPGC603606_TestRpt_HAC Volume Control.pdf"
"pdf","fcc","2BVCPGC603606_TestRpt_HAC Volume Control_Appendix A.pdf",".pdf","1294491","C9B0159CDB3A28FCF18712F24E6EE71A50665A973BF592D48800D30B79E3E83F","MAGNE.AI/assets/pdfs/fcc/2BVCPGC603606_TestRpt_HAC Volume Control_Appendix A.pdf"
"pdf","fcc","2BVCPGC603606_TestRpt_HAC Volume Control_Appendix B.pdf",".pdf","4287896","636E6A66B8F7E5453808C371FFD12EB762414170CD9FD5F9CADAE805A327E8B9","MAGNE.AI/assets/pdfs/fcc/2BVCPGC603606_TestRpt_HAC Volume Control_Appendix B.pdf"
"pdf","fcc","2BVCPGC603606_TestRpt_JBP_v1.pdf",".pdf","823200","009C9508B3CFB19127508CFF2321E8F4AF4C0C76280420943CAB831CEC0EB0CB","MAGNE.AI/assets/pdfs/fcc/2BVCPGC603606_TestRpt_JBP_v1.pdf"
"pdf","fcc","2BVCPGC603606_TestRpt_NII_DFS_v1.pdf",".pdf","1220025","78F676B4E7C0BD3F17D43FA1DE898F52D5CAA063B9418F4BC6A3B7470B0EBCB2","MAGNE.AI/assets/pdfs/fcc/2BVCPGC603606_TestRpt_NII_DFS_v1.pdf"
"pdf","fcc","2BVCPGC603606_TestRpt_NII_U-NII-1,2,3_Part1-3_v1.pdf",".pdf","5786073","BCC92B7F6A0689896A52F4528F5E64F68DEF0353FFF5C7503FD9EE37B6B06470","MAGNE.AI/assets/pdfs/fcc/2BVCPGC603606_TestRpt_NII_U-NII-1,2,3_Part1-3_v1.pdf"
"pdf","fcc","2BVCPGC603606_TestRpt_NII_U-NII-1,2,3_Part2-3_v1.pdf",".pdf","5903039","1B3CECD6D1FD9FEED6B9200F2B387C3347AD494DF1FA3EF3E91757328A134DEB","MAGNE.AI/assets/pdfs/fcc/2BVCPGC603606_TestRpt_NII_U-NII-1,2,3_Part2-3_v1.pdf"
"pdf","fcc","2BVCPGC603606_TestRpt_NII_U-NII-1,2,3_Part3-3.pdf",".pdf","4495707","2FE38BAA5DB75C18C81A38D07516A0710EE30E1EA6C91AE3AA09FDFEA00108FB","MAGNE.AI/assets/pdfs/fcc/2BVCPGC603606_TestRpt_NII_U-NII-1,2,3_Part3-3.pdf"
"pdf","fcc","2BVCPGC603606_TestRpt_PCE_2G,3G_v1.pdf",".pdf","5367305","946DA6CAF73346FA176343ED26E99BB4B42AADA86559F0C80033E8497B3C46D2","MAGNE.AI/assets/pdfs/fcc/2BVCPGC603606_TestRpt_PCE_2G,3G_v1.pdf"
"pdf","fcc","2BVCPGC603606_TestRpt_PCE_5G_27O_n77.78_v1.pdf",".pdf","4542924","E6938C771A323A45991CDBCA7B42CF1224BFA61A9507CCAB29605CA37A9B2CF2","MAGNE.AI/assets/pdfs/fcc/2BVCPGC603606_TestRpt_PCE_5G_27O_n77.78_v1.pdf"
"pdf","fcc","2BVCPGC603606_TestRpt_PCE_5G_27Q_n77.78_v2.pdf",".pdf","4256488","B6ED108E71AD97CADF228BE82DFC1D4FD38728A4F97B73F5DC5D66286650A4A2","MAGNE.AI/assets/pdfs/fcc/2BVCPGC603606_TestRpt_PCE_5G_27Q_n77.78_v2.pdf"
"pdf","fcc","2BVCPGC603606_TestRpt_PCE_5G_n5.7.38.41.66.71_Part1-3_v1.pdf",".pdf","5818138","3FE1ED543003E41F2A9A51276CACF39CCBB294A6D84F631FF60929E891F08451","MAGNE.AI/assets/pdfs/fcc/2BVCPGC603606_TestRpt_PCE_5G_n5.7.38.41.66.71_Part1-3_v1.pdf"
"pdf","fcc","2BVCPGC603606_TestRpt_PCE_5G_n5.7.38.41.66.71_Part2-3.pdf",".pdf","5541136","D3981EA939E23C23324E905B77F03D811113E8B5599738B0A767255C8FE5BE0B","MAGNE.AI/assets/pdfs/fcc/2BVCPGC603606_TestRpt_PCE_5G_n5.7.38.41.66.71_Part2-3.pdf"
"pdf","fcc","2BVCPGC603606_TestRpt_PCE_5G_n5.7.38.41.66.71_Part3-3.pdf",".pdf","4413385","5637247154859AA9115AB61A1E8B47FADD0BB99368AEA5D82653C2E7C16DAA5D","MAGNE.AI/assets/pdfs/fcc/2BVCPGC603606_TestRpt_PCE_5G_n5.7.38.41.66.71_Part3-3.pdf"
"pdf","fcc","2BVCPGC603606_TestRpt_PCE_LTE_27Q_B42_v1.pdf",".pdf","3277460","A7BE579FFE3FED6940D04631CD9D0C912E72E91A47BF0312F2F656AD759B4B00","MAGNE.AI/assets/pdfs/fcc/2BVCPGC603606_TestRpt_PCE_LTE_27Q_B42_v1.pdf"
"pdf","fcc","2BVCPGC603606_TestRpt_PCE_LTE_90S_B26_v1.pdf",".pdf","3431629","00599D59DA91C297A247000177538E6D92D81F87960EA171F5C3E062795B9742","MAGNE.AI/assets/pdfs/fcc/2BVCPGC603606_TestRpt_PCE_LTE_90S_B26_v1.pdf"
"pdf","fcc","2BVCPGC603606_TestRpt_PCE_LTE_B2.25.66.5.26_Part1-2_v1.pdf",".pdf","5714869","F55AC5300DC055F3578B5A96F69F0F90CE0514EFDF322907FF4B1CE49C1B37CE","MAGNE.AI/assets/pdfs/fcc/2BVCPGC603606_TestRpt_PCE_LTE_B2.25.66.5.26_Part1-2_v1.pdf"
"pdf","fcc","2BVCPGC603606_TestRpt_PCE_LTE_B2.25.66.5.26_Part2-2.pdf",".pdf","5052625","1F07F40F8E84B233765580279E2B85960E1A78D2499FB523A6E2E508DFBDA913","MAGNE.AI/assets/pdfs/fcc/2BVCPGC603606_TestRpt_PCE_LTE_B2.25.66.5.26_Part2-2.pdf"
"pdf","fcc","2BVCPGC603606_TestRpt_PCE_LTE_B7.12.13.17.38.41.71_Part1-3_v1.pdf",".pdf","5675301","D749075DE860E71A2241A30C7810C9F62F90A7C634591797CBA625AE28FC5404","MAGNE.AI/assets/pdfs/fcc/2BVCPGC603606_TestRpt_PCE_LTE_B7.12.13.17.38.41.71_Part1-3_v1.pdf"
"pdf","fcc","2BVCPGC603606_TestRpt_PCE_LTE_B7.12.13.17.38.41.71_Part2-3.pdf",".pdf","5667294","1B00F0582F3D99108CC31E0E3A7871D7D0A2DD9636DC3BBC727947A96DAA86D9","MAGNE.AI/assets/pdfs/fcc/2BVCPGC603606_TestRpt_PCE_LTE_B7.12.13.17.38.41.71_Part2-3.pdf"
"pdf","fcc","2BVCPGC603606_TestRpt_PCE_LTE_B7.12.13.17.38.41.71_Part3-3.pdf",".pdf","471709","7B59593E7346C24D256C8C64C9EBE30129F589B1A488C33D05A058271D29FB4F","MAGNE.AI/assets/pdfs/fcc/2BVCPGC603606_TestRpt_PCE_LTE_B7.12.13.17.38.41.71_Part3-3.pdf"
"pdf","fcc","2BVCPGC603606_TestRpt_SAR_Appendix A_v1.pdf",".pdf","4115845","0BF191E23EB0B8EB0A0AFFE317E5E2B4C53926A2003CC1B520D8001FEB14830F","MAGNE.AI/assets/pdfs/fcc/2BVCPGC603606_TestRpt_SAR_Appendix A_v1.pdf"
"pdf","fcc","2BVCPGC603606_TestRpt_SAR_Appendix B_Part1-2.pdf",".pdf","5723279","24E695E3119D273D01B63523D89936A9F612F084C739DB2A8B88053AF02C97BC","MAGNE.AI/assets/pdfs/fcc/2BVCPGC603606_TestRpt_SAR_Appendix B_Part1-2.pdf"
"pdf","fcc","2BVCPGC603606_TestRpt_SAR_Appendix B_Part2-2.pdf",".pdf","4039126","FB094E09C24A5D4BD7F0F06871FB3DF1924DAA662D9B1A2DBD146003F5D27311","MAGNE.AI/assets/pdfs/fcc/2BVCPGC603606_TestRpt_SAR_Appendix B_Part2-2.pdf"
"pdf","fcc","2BVCPGC603606_TestRpt_SAR_Appendix C_Part1-3.pdf",".pdf","5774532","599A001635DF89F5EBD6396E7BFD912CB3630B077DF384DA57FCF67A76EBB269","MAGNE.AI/assets/pdfs/fcc/2BVCPGC603606_TestRpt_SAR_Appendix C_Part1-3.pdf"
"pdf","fcc","2BVCPGC603606_TestRpt_SAR_Appendix C_Part2-3.pdf",".pdf","5705874","168EC65645D0CEE80460D2B9EBB67CF1756B49E5197A1BB7CBF192F5914A91B8","MAGNE.AI/assets/pdfs/fcc/2BVCPGC603606_TestRpt_SAR_Appendix C_Part2-3.pdf"
"pdf","fcc","2BVCPGC603606_TestRpt_SAR_Appendix C_Part3-3.pdf",".pdf","4664489","8AE080B9FC8C7635743C57711BD45F86C748CD94D15A9F5BF8A68CF68EB67878","MAGNE.AI/assets/pdfs/fcc/2BVCPGC603606_TestRpt_SAR_Appendix C_Part3-3.pdf"
"pdf","fcc","2BVCPGC603606_TestRpt_SAR_Appendix E.pdf",".pdf","4441826","E12CC2A5936C46945050D33E93C979292AEFDECAE777F48AE87ED27A1AF62F4C","MAGNE.AI/assets/pdfs/fcc/2BVCPGC603606_TestRpt_SAR_Appendix E.pdf"
"pdf","fcc","2BVCPGC603606_TestRpt_SAR_v1.pdf",".pdf","2818621","86F5EDF207BD07F011F779F90272837A2F1ABB57DB8D1E070213F2DE6F677BE0","MAGNE.AI/assets/pdfs/fcc/2BVCPGC603606_TestRpt_SAR_v1.pdf"
"pdf","fcc","DA-23-914.pdf",".pdf","154006","DC5B3D146466A3EDD7C594C8F98A15FF42375BB56023D4B61E5E9F3BB88A243E","MAGNE.AI/assets/pdfs/fcc/DA-23-914.pdf"
"pdf","un38","DSP25120089_001_MSDS.pdf",".pdf","597478","4ABE513C46296C12424F9693D30E7F3CB64A135D6CE6B2CBFD500AE5A483EF5D","MAGNE.AI/assets/pdfs/un38/DSP25120089_001_MSDS.pdf"
"pdf","un38","DSP25120089_002_UN-Test.pdf",".pdf","1443852","ABE16C817178243F39FB5C2D0771F40C8FEDBCAA56D82974B4EE5AB34C3D3463","MAGNE.AI/assets/pdfs/un38/DSP25120089_002_UN-Test.pdf"
"pdf","un38","DSP25120089_003_Summary.pdf",".pdf","453704","DE09102F1EC3A54FEB9F0A27E2901405FBF056C42EB3E0854BD2B89AD14B6C1E","MAGNE.AI/assets/pdfs/un38/DSP25120089_003_Summary.pdf"
"pdf","un38","DSP25120089_004_12m-Drop.pdf",".pdf","2411154","E25F8D4D9E40BD2C5509EE264D5D33CEEF44193ACA1A096F8A0C823C65908927","MAGNE.AI/assets/pdfs/un38/DSP25120089_004_12m-Drop.pdf"
"pdf","un38","DSP25120089_005_Stacking.pdf",".pdf","2436860","56D93B6436AC85C0AC882BB7E60B51F2141AFDB702A660F27DC7BE4D35A3735F","MAGNE.AI/assets/pdfs/un38/DSP25120089_005_Stacking.pdf"
"pdf","un38","DSP25120089_006_12m-Transport.pdf",".pdf","2424080","E19918DACD90B7F788D159F0A131A13A1F5B4842C1BE3ED6585AE6AA13FD9EE1","MAGNE.AI/assets/pdfs/un38/DSP25120089_006_12m-Transport.pdf"
"pdf","un38","S45C-0i26020917430_0006.pdf",".pdf","3173299","2211C2032F0951181FD6CF117E41746A6119BBFD6454CEA4E53B3A9B7E5D8DA0","MAGNE.AI/assets/pdfs/un38/S45C-0i26020917430_0006.pdf"
"pdf","un38","S45C-0i26020917430_0007.pdf",".pdf","3093737","1EA75C4217D0880FE103824BA8489DE56AE460E39A77FB9FADF181029866E03D","MAGNE.AI/assets/pdfs/un38/S45C-0i26020917430_0007.pdf"
"pdf","un38","S45C-Air-Transport.pdf",".pdf","3173299","2211C2032F0951181FD6CF117E41746A6119BBFD6454CEA4E53B3A9B7E5D8DA0","MAGNE.AI/assets/pdfs/un38/S45C-Air-Transport.pdf"
"pdf","un38","S45C-Sea-Transport.pdf",".pdf","3093737","1EA75C4217D0880FE103824BA8489DE56AE460E39A77FB9FADF181029866E03D","MAGNE.AI/assets/pdfs/un38/S45C-Sea-Transport.pdf"
"pdf","ce","SN26C0174-Sporton-CE-Certificate.pdf",".pdf","140110","CA1F3D0E0EA6E8A7767E6DACB8003A1CB46D7360F12C5E798ACCA0F2F6A5A94B","MAGNE.AI/assets/ce/SN26C0174-Sporton-CE-Certificate.pdf"
"brand","ecosystem","1zeni.png",".png","3230","B329ECD578F998D305172FA7556B1942960CBDF3A9445EB2582DEBD510A637EA","MAGNE.AI/assets/brand/ecosystem/1zeni.png"
"brand","ecosystem","21dao.png",".png","31569","ECB90015E7820E7391901D98881BAC20A388B973BFDF0EFAC17CC251A2CA080A","MAGNE.AI/assets/brand/ecosystem/21dao.png"
"brand","ecosystem","agentbay.png",".png","6471","9D76DA597E770E34D7E23475A6E7E9B648D07DB91C8BB1A4E0886F75F5BAA696","MAGNE.AI/assets/brand/ecosystem/agentbay.png"
"brand","ecosystem","agentbay_web.png",".png","4383","B06CEB8128668A62E8467DE9E3A87A6A48C97C50305F797CFDC7846E8B3016AB","MAGNE.AI/assets/brand/ecosystem/agentbay_web.png"
"brand","ecosystem","aios-ventures.png",".png","1865","F26E16C5F1ADBAE8BE5C2816BB120F606422A1B2CD03340CFFFC82995285DA23","MAGNE.AI/assets/brand/ecosystem/aios-ventures.png"
"brand","ecosystem","aios.jpg",".jpg","68548","AED60A35ED8BB8DB516CA98AF595A60E0EF417DBA01D0E3FA6A86F6B779BA57A","MAGNE.AI/assets/brand/ecosystem/aios.jpg"
"brand","ecosystem","aios.png",".png","1865","F26E16C5F1ADBAE8BE5C2816BB120F606422A1B2CD03340CFFFC82995285DA23","MAGNE.AI/assets/brand/ecosystem/aios.png"
"brand","ecosystem","aios_web.png",".png","4630","418F0946E470CDF6032D66F516C237AE32FBA0C22061118BFB875CBB0A0D7693","MAGNE.AI/assets/brand/ecosystem/aios_web.png"
"brand","ecosystem","ascendex.svg",".svg","6520","29504E4BB327DCE8558B0496DCBF8D50518AEA00550CE618CE02C7F8EB4F7844","MAGNE.AI/assets/brand/ecosystem/ascendex.svg"
"brand","ecosystem","ascendex_web.png",".png","264","E8AF1F0FE0BD955E5661FB0E4F0A65AAE79F11DE22E668ABE6AE5020062560A7","MAGNE.AI/assets/brand/ecosystem/ascendex_web.png"
"brand","ecosystem","attrace.svg",".svg","6342","C64C96F68F15160F552095B3A1D34958F16FDFBA5D37AC85D82D9E7CA2B974C0","MAGNE.AI/assets/brand/ecosystem/attrace.svg"
"brand","ecosystem","attRace_web.png",".png","4410","895A62342180295F20CC3FF66924B3A6C879283879FB214D671267E0E193F11C","MAGNE.AI/assets/brand/ecosystem/attRace_web.png"
"brand","ecosystem","avedex.png",".png","1413","C867D29781CDBBC64A72CA23F99C4BF59305B9708F5EF8311D341E63A56D7CED","MAGNE.AI/assets/brand/ecosystem/avedex.png"
"brand","ecosystem","ave_ai.png",".png","5493","6F5A7B1114B53794BA827F0CE644A77DE72203AADA56908B9BCDF41F6861894B","MAGNE.AI/assets/brand/ecosystem/ave_ai.png"
"brand","ecosystem","ave_ai_web.png",".png","4618","1EEEB7426D0BCB777339138929B1C1FCC997C960EBA0B6F3FA0D66D19D0C4246","MAGNE.AI/assets/brand/ecosystem/ave_ai_web.png"
"brand","ecosystem","aylab.webp",".webp","2898","7ABCFA8C98511E98BE63CE305DCF787C680B52DD5115783B4AC18E97CEFDA385","MAGNE.AI/assets/brand/ecosystem/aylab.webp"
"brand","ecosystem","aylab2.webp",".webp","2898","7ABCFA8C98511E98BE63CE305DCF787C680B52DD5115783B4AC18E97CEFDA385","MAGNE.AI/assets/brand/ecosystem/aylab2.webp"
"brand","ecosystem","becker.png",".png","10167","D8919A387610DCCBBD0F150C9E297279E9551571EBD53F9EE98F16492DBFD440","MAGNE.AI/assets/brand/ecosystem/becker.png"
"brand","ecosystem","becker_web.png",".png","8460","293963CF0376746DAD0F2B04A7F6ACCA2D21AE494C8DCD540452A6FF752A0AE7","MAGNE.AI/assets/brand/ecosystem/becker_web.png"
"brand","ecosystem","beosin.png",".png","4286","E0C92129B070CB2E58EBD7326BFFC70DB88CD32210ECCC408E5D928CC41C5833","MAGNE.AI/assets/brand/ecosystem/beosin.png"
"brand","ecosystem","bitget.png",".png","42967","B8E4948D74F94B56C9B9CBB6D6AEF8EE6C79C87CE72614DE55FBA5C3DFFA3C1C","MAGNE.AI/assets/brand/ecosystem/bitget.png"
"brand","ecosystem","bitpush.png",".png","5306","8CBCDB4E6D09139B29994C07172B061960F49B62390C769C5A8442B0DBA3EB76","MAGNE.AI/assets/brand/ecosystem/bitpush.png"
"brand","ecosystem","bitpush_web.png",".png","4830","0A0776DC82229847B13E5D569F3403E376AEDFF17CECA75019DA8F0A87403F1A","MAGNE.AI/assets/brand/ecosystem/bitpush_web.png"
"brand","ecosystem","blockbeats.svg",".svg","19501","334B3538A3D619E203517C623E8CAF82FF4DAEF19D92C4F692B443E9D15E7CA8","MAGNE.AI/assets/brand/ecosystem/blockbeats.svg"
"brand","ecosystem","blockbeats_web.png",".png","302","92895E77AE30AF857C0F6E0C5D430455C08170BD47641A24EEBA1D68B16B2397","MAGNE.AI/assets/brand/ecosystem/blockbeats_web.png"
"brand","ecosystem","castrum.png",".png","154378","6F8FD3171E77148EC312EA645B957F57CAFB301DE5431EE646298ABCB638995E","MAGNE.AI/assets/brand/ecosystem/castrum.png"
"brand","ecosystem","castrum_web.png",".png","5172","19BF7793358D0B83AD916DB94D9366C5313415ABD45B126685EA9888C56B0696","MAGNE.AI/assets/brand/ecosystem/castrum_web.png"
"brand","ecosystem","chaincatcher_web.png",".png","5121","EAB363408B79544359825A999EE7D47AEB1A03DE0FE278A13F671469B4C82F5A","MAGNE.AI/assets/brand/ecosystem/chaincatcher_web.png"
"brand","ecosystem","chainthink.png",".png","2352","AB952B2F8A6107C18818D72CEDD2F1F0DF9A5B477CCA16DAC3135F26DE21FE80","MAGNE.AI/assets/brand/ecosystem/chainthink.png"
"brand","ecosystem","cheersland.png",".png","5771","C3382306034A8A47922D6880B36BA4B33010D64028773458B8674BF9A2B0F8F3","MAGNE.AI/assets/brand/ecosystem/cheersland.png"
"brand","ecosystem","cipherbc.png",".png","4303","B028F62A0B7BEAD47A53E9953031537A99FD64105B26FBA72A40122FFCCD6970","MAGNE.AI/assets/brand/ecosystem/cipherbc.png"
"brand","ecosystem","crmclick.png",".png","157482","592D4701921C4A677E3AA6FD69BB3E1662356AE69976D52612CB3BF0B9DEF5F7","MAGNE.AI/assets/brand/ecosystem/crmclick.png"
"brand","ecosystem","depinscan.png",".png","1101","ADD3482301BFBFBEF70CC2830AC845362EA7BE406EB59C1A09FDDC299A496955","MAGNE.AI/assets/brand/ecosystem/depinscan.png"
"brand","ecosystem","depinscan_web.png",".png","1101","5939D444D6577FD4C3D1D7BB6839810AE1887F1A8AED85F28DCBB0F05F5B16B5","MAGNE.AI/assets/brand/ecosystem/depinscan_web.png"
"brand","ecosystem","dmail.svg",".svg","1261","8CAC8748A63DEDECFDA8FDB95F720A1517D08E9BB6B0E085BB8B63014145C3CD","MAGNE.AI/assets/brand/ecosystem/dmail.svg"
"brand","ecosystem","dmail_web.png",".png","8272","B0F2CA19EA4EC75BF69D34F5E4B0CA0C5A63449B41A7903A08DE66CFF0AEB986","MAGNE.AI/assets/brand/ecosystem/dmail_web.png"
"brand","ecosystem","duckdao.png",".png","5550","755964B8A56DFB091EE832DA94F60FEA0EC402A74944683D8BB0D353BFDF4BE0","MAGNE.AI/assets/brand/ecosystem/duckdao.png"
"brand","ecosystem","duckdao_web.png",".png","2913","F67A9262801B741E892C4483A51AA98A8CB4605AD3DB6E4274C47A9842E35EA5","MAGNE.AI/assets/brand/ecosystem/duckdao_web.png"
"brand","ecosystem","eni.png",".png","18074","2970C8C176061859FC06F08CC7FB3E1D9A1185E4660BF3E478E223CC7CC65A0A","MAGNE.AI/assets/brand/ecosystem/eni.png"
"brand","ecosystem","eni_web.png",".png","9011","5A4B7A4EFC85F7F2B474ED575638BA36074B60EE3042B314747D275011CF8D25","MAGNE.AI/assets/brand/ecosystem/eni_web.png"
"brand","ecosystem","evx.png",".png","69809","EB5851A0601433A32092DBE9F461ACB04ABE5B44593E386E31DBC181B1C33C73","MAGNE.AI/assets/brand/ecosystem/evx.png"
"brand","ecosystem","evx_web.png",".png","5950","98253D49549BFB5A02494964EAFD3F19E1A503F01BA0AF9CBB892D168F66266C","MAGNE.AI/assets/brand/ecosystem/evx_web.png"
"brand","ecosystem","fih-white.svg",".svg","3090","74347666D61C4A39E038217C49E512044250A566BF6EC6C26578ACB64EE30FF1","MAGNE.AI/assets/brand/ecosystem/fih-white.svg"
"brand","ecosystem","fognet.png",".png","14004","EA205862D299C1F15F6A1269D145B4ACA01DFFCEF04CA169459C720D65F5C442","MAGNE.AI/assets/brand/ecosystem/fognet.png"
"brand","ecosystem","fognet_web.png",".png","2322","A13F6AA3FDBF96A33A5B43D6A00003E5E74D87B1AD10DA29F1A32BBC77B6C1E1","MAGNE.AI/assets/brand/ecosystem/fognet_web.png"
"brand","ecosystem","gamepad.svg",".svg","13014","10DFECDB8DE4F48DBB3DE27613403EFCDD236E5FFCEC9FF00B2A40DCB663E8D8","MAGNE.AI/assets/brand/ecosystem/gamepad.svg"
"brand","ecosystem","gamepad_web.png",".png","264","3DC76CB0C15C4A36AE15859264103B580B331F44461AF848EDB4423C1BC4B1DF","MAGNE.AI/assets/brand/ecosystem/gamepad_web.png"
"brand","ecosystem","grandgangstacity_web.png",".png","15267","E2FFC0746DC0337AFA5853F60EC992BF83483C8105C70586BE6CBEE825CE7096","MAGNE.AI/assets/brand/ecosystem/grandgangstacity_web.png"
"brand","ecosystem","gs.png",".png","16561","2807749D63810C022D4FDB5C104679D5DC44E785828946A683CE1D742DB44912","MAGNE.AI/assets/brand/ecosystem/gs.png"
"brand","ecosystem","gs_legal_llc.png",".png","16561","2807749D63810C022D4FDB5C104679D5DC44E785828946A683CE1D742DB44912","MAGNE.AI/assets/brand/ecosystem/gs_legal_llc.png"
"brand","ecosystem","gs_legal_llc_web.png",".png","1613","2741D7E737A4F33D7F165AEC90FC35AC722004DCA2462AA17DD429F206421163","MAGNE.AI/assets/brand/ecosystem/gs_legal_llc_web.png"
"brand","ecosystem","hpx_web.png",".png","2690","61F9F956A8F4FB65FFAAAD04FF37CC6488C2161BA39109E26284456F3C147229","MAGNE.AI/assets/brand/ecosystem/hpx_web.png"
"brand","ecosystem","hyra.svg",".svg","13407","CCE65B0E88BFC2C147C8BC91F98414AD54726E122BEFE9726B7F3CD77DB1E212","MAGNE.AI/assets/brand/ecosystem/hyra.svg"
"brand","ecosystem","hyra_web.png",".png","350","CD216B863786316DDC07EEAD487E18452E8F94BF7F5F7F7CA123E01D7776D2B9","MAGNE.AI/assets/brand/ecosystem/hyra_web.png"
"brand","ecosystem","iflux.svg",".svg","5883","43ECAFA1A4522497531512B977339B7E04A75554C9BA18C787C1252392E881A8","MAGNE.AI/assets/brand/ecosystem/iflux.svg"
"brand","ecosystem","iflux_web.png",".png","788","0E94F21A8D39BD298CBB33B9BEAC7BCCA24324A4B629A42CDEB2CBE69C4E0747","MAGNE.AI/assets/brand/ecosystem/iflux_web.png"
"brand","ecosystem","iotex_web.png",".png","5254","28E212F0E0F6BE9D35CA23EA779559D43FDB1117C2F5B3FB2D550AD139E22677","MAGNE.AI/assets/brand/ecosystem/iotex_web.png"
"brand","ecosystem","jinse_web.png",".png","4622","07D2456F40086650EF389589EF7342A3036817B43071E12B0002A250A545E92B","MAGNE.AI/assets/brand/ecosystem/jinse_web.png"
"brand","ecosystem","kpopclick-green.png",".png","3036","42E5DD9A1427D702483828BA2F7EC0F7926A95B8ADF47554E3F7868DAB9688EE","MAGNE.AI/assets/brand/ecosystem/kpopclick-green.png"
"brand","ecosystem","kucoin.png",".png","10689","B610D2DC27E1BDAAF495E2E47176CD3B2093B5832F64EAE08AB387348237446E","MAGNE.AI/assets/brand/ecosystem/kucoin.png"
"brand","ecosystem","kucoin_web.png",".png","3409","EC53D18FB3E700F1C58B3CCEB2ACF707335C7621D9655CE6E15ACE32F7D649D5","MAGNE.AI/assets/brand/ecosystem/kucoin_web.png"
"brand","ecosystem","landload_web.png",".png","20756","0EB7BCA7601D4FC0AA47F57103272D9F4C51370E4347152D8B948661E73AC138","MAGNE.AI/assets/brand/ecosystem/landload_web.png"
"brand","ecosystem","lbank.png",".png","6287","391E2C4794C14DBC0E47F86A3767E90FADD3BC8563FA9551047092030FAE0D57","MAGNE.AI/assets/brand/ecosystem/lbank.png"
"brand","ecosystem","linklayer.png",".png","10049","6019E288175924E9AC41A4316688D2C3E1CD4981E3A847C9FD0454229E068E9B","MAGNE.AI/assets/brand/ecosystem/linklayer.png"
"brand","ecosystem","linklayer_ai.png",".png","62319","EE2F1FED5BAE7FF324F61F7F221BB652AEE08F90B8719A720EF95D2D2A1D75DA","MAGNE.AI/assets/brand/ecosystem/linklayer_ai.png"
"brand","ecosystem","linklayer_ai_web.png",".png","2621","8EF9AEEE31CD9533CA74A40D08AB3DA3389E8B70EA54C1E5E92C4BBA7DDE3A79","MAGNE.AI/assets/brand/ecosystem/linklayer_ai_web.png"
"brand","ecosystem","logo.png",".png","495361","30F7CEDE0D012163503D18AD22F13E4F46BB6D9798E56C751909F3DFEAD8D06A","MAGNE.AI/assets/brand/ecosystem/logo.png"
"brand","ecosystem","manuspay.png",".png","883903","F878D4D2E970CF734E55EE826CEF321D1016CD56EA80AE6FBC5673A8BB483DDC","MAGNE.AI/assets/brand/ecosystem/manuspay.png"
"brand","ecosystem","manuspay_web.png",".png","5012","2759F7CC65507025E8C5623202B6CD8D6FC90A7DC2186016D5DCA1E74CCA3DDB","MAGNE.AI/assets/brand/ecosystem/manuspay_web.png"
"brand","ecosystem","medium.png",".png","7805","7A9E943C62DFBBFF49253501165AE0C787B4B1CD71528AC2562CFBDFDE81858C","MAGNE.AI/assets/brand/ecosystem/medium.png"
"brand","ecosystem","medium_web.png",".png","4250","05DFAB98720CEB3A8F05241D70D425BDD3BAD937A0C72BC804A79E5D6DB4624A","MAGNE.AI/assets/brand/ecosystem/medium_web.png"
"brand","ecosystem","menya_web.png",".png","3794","26D686053F8076D0B43E88FACE510F1AB9E6817F71FB3767D5726B062A33AE6A","MAGNE.AI/assets/brand/ecosystem/menya_web.png"
"brand","ecosystem","meta_arena.png",".png","7805","7A9E943C62DFBBFF49253501165AE0C787B4B1CD71528AC2562CFBDFDE81858C","MAGNE.AI/assets/brand/ecosystem/meta_arena.png"
"brand","ecosystem","meta_arena_web.png",".png","4250","7B1C14CDEE2457378825E70B047081B88B638E9310DF39D0B8494932DFA6FA61","MAGNE.AI/assets/brand/ecosystem/meta_arena_web.png"
"brand","ecosystem","mexc.png",".png","4930","44B4532713C1DB289C4DD8E2946F937B28D92F42CDBF3B967CA406455038E618","MAGNE.AI/assets/brand/ecosystem/mexc.png"
"brand","ecosystem","mexc.svg",".svg","3090","74347666D61C4A39E038217C49E512044250A566BF6EC6C26578ACB64EE30FF1","MAGNE.AI/assets/brand/ecosystem/mexc.svg"
"brand","ecosystem","mexc_web.png",".png","3105","1D05AEB4ACD87A8A66AB44D8B24BAB38ECA50F9A6B1C7EFDDE4347B8AE3AA298","MAGNE.AI/assets/brand/ecosystem/mexc_web.png"
"brand","ecosystem","mixmax.png",".png","5226","C5C128F98F8A9E3F70D2B712B27D0E4E91B455A0FA3214598746755CD9B0E7C7","MAGNE.AI/assets/brand/ecosystem/mixmax.png"
"brand","ecosystem","mixmax_web.png",".png","1170","D4B767FB1C36EF26369A99E38B2CE5F9386C7EA0EBD7313812631FE3023D5DD3","MAGNE.AI/assets/brand/ecosystem/mixmax_web.png"
"brand","ecosystem","mobinode.svg",".svg","660737","4A6ECD9EB7401D163AA4D37E8AE437A808FE29A2395D4AEE91A589A915D5DF8C","MAGNE.AI/assets/brand/ecosystem/mobinode.svg"
"brand","ecosystem","mobinode_web.png",".png","265","19D2BAD26B501C9475999BDFDF5071C71BAC89971F78D778E5A21534906A9C35","MAGNE.AI/assets/brand/ecosystem/mobinode_web.png"
"brand","ecosystem","momofun.png",".png","6657","D223583789D02A702D716D44146DC1E0B4A9038C9965B801899BAF23D3110175","MAGNE.AI/assets/brand/ecosystem/momofun.png"
"brand","ecosystem","momofun_web.png",".png","4620","46DB91386F1626C239C7D240C0CBCE652F5875641EF84096F9BF5319F9C9B6DC","MAGNE.AI/assets/brand/ecosystem/momofun_web.png"
"brand","ecosystem","nodle.svg",".svg","5980","80F310A88C8DA4E51F69CF13724302A42A4665FC5B7FE0870EF54BEB5D2CE361","MAGNE.AI/assets/brand/ecosystem/nodle.svg"
"brand","ecosystem","nodle_web.png",".png","266","B73D8AD272A38E4740A8505DC3DFF4D25A958F35982322F2A3F18FFF962E862E","MAGNE.AI/assets/brand/ecosystem/nodle_web.png"
"brand","ecosystem","nowchain.svg",".svg","660737","4A6ECD9EB7401D163AA4D37E8AE437A808FE29A2395D4AEE91A589A915D5DF8C","MAGNE.AI/assets/brand/ecosystem/nowchain.svg"
"brand","ecosystem","nowchain_web.png",".png","265","24BCAA8A82560CA666942872DB9F8D653C4B93200B6EC9567E73C71293C9E8AF","MAGNE.AI/assets/brand/ecosystem/nowchain_web.png"
"brand","ecosystem","planethares.png",".png","2761","4CA86C828D189173423B5C655CA114CE9B4A93444B892A8E41BBFADE8A03B49C","MAGNE.AI/assets/brand/ecosystem/planethares.png"
"brand","ecosystem","planethares_web.png",".png","2761","A6E7A500D872BC14586AB5A06EDDCE81A48C307A7911336A8FE9A6AF4485A29E","MAGNE.AI/assets/brand/ecosystem/planethares_web.png"
"brand","ecosystem","playsout_web.png",".png","2096","EE8A903A9E74230AB307129A937CF5A34984D7326EF9007BDB6F4DD5890DCE78","MAGNE.AI/assets/brand/ecosystem/playsout_web.png"
"brand","ecosystem","primeyield.svg",".svg","156548","9D00B613C45F6BF49953FE8CA476C97B99DD84C8C860664E902E4935AFFE4206","MAGNE.AI/assets/brand/ecosystem/primeyield.svg"
"brand","ecosystem","primeyield_web.png",".png","450","02C3F18DB28C7351F95215A3BA97B912BA5451D0911C27F8011A78F889DF9F89","MAGNE.AI/assets/brand/ecosystem/primeyield_web.png"
"brand","ecosystem","qitmeer.svg",".svg","24764","F7DEC40B49D9CBD29A77D4A26FB0B22D74D25517BD39B848455F33FEBBE8CE48","MAGNE.AI/assets/brand/ecosystem/qitmeer.svg"
"brand","ecosystem","qitmeer_web.png",".png","268","EB5C76C026B7A1187CAF36F1084F7230E3954369ED35EAD53BFDD35852CD52A3","MAGNE.AI/assets/brand/ecosystem/qitmeer_web.png"
"brand","ecosystem","rei_web.png",".png","2621","10C3DBC54EDD4A3065E865412ED4469F425DAA27BD589514E241E7BF674FF02E","MAGNE.AI/assets/brand/ecosystem/rei_web.png"
"brand","ecosystem","samurai.png",".png","85638","C808606D6F16976C0E05092F40986A07F225C858566E0E3B6EF017AAFFE321A1","MAGNE.AI/assets/brand/ecosystem/samurai.png"
"brand","ecosystem","samurai_warlords.png",".png","85638","C808606D6F16976C0E05092F40986A07F225C858566E0E3B6EF017AAFFE321A1","MAGNE.AI/assets/brand/ecosystem/samurai_warlords.png"
"brand","ecosystem","samurai_warlords_web.png",".png","9855","4716A47043F132AE0A40E8D9E2C87412F9FBCD8B4251229533BAED3301A3FABC","MAGNE.AI/assets/brand/ecosystem/samurai_warlords_web.png"
"brand","ecosystem","snowball.png",".png","495361","30F7CEDE0D012163503D18AD22F13E4F46BB6D9798E56C751909F3DFEAD8D06A","MAGNE.AI/assets/brand/ecosystem/snowball.png"
"brand","ecosystem","snowball_web.png",".png","3969","B7EC366897D2A74919D85ACCA974F0AD259BC8B75CB02DEE91E9D4AF8BAF08CF","MAGNE.AI/assets/brand/ecosystem/snowball_web.png"
"brand","ecosystem","socialgrowai.png",".png","101789","CDCB0FE16E51C103D6DD7FE74E4E0EE4316E602B4BFF88215F4EB84F14186C77","MAGNE.AI/assets/brand/ecosystem/socialgrowai.png"
"brand","ecosystem","socialgrowai_web.png",".png","2776","8866625C21516FAF8976D4A904514E1BAEBD1E86C7C9881244226F473627044A","MAGNE.AI/assets/brand/ecosystem/socialgrowai_web.png"
"brand","ecosystem","soda.png",".png","2687","8309D2CE5FB0F51A9F0311C94843A19B11D337BDDAE3F7E48E35523C1CA6AD7C","MAGNE.AI/assets/brand/ecosystem/soda.png"
"brand","ecosystem","soda_web.png",".png","3510","0E7C2F544E2753359B6A7D88A018C8EF58DDDC9C63F2ED22E4EA4CFAF2735AC5","MAGNE.AI/assets/brand/ecosystem/soda_web.png"
"brand","ecosystem","soei.png",".png","124081","7301703C4FD7D69463D5435E50AE9AD62E02231A41D7DC193FF2B414A3D99F1D","MAGNE.AI/assets/brand/ecosystem/soei.png"
"brand","ecosystem","soei_web.png",".png","5539","99881956BDBCCE734168F46E651CA0592FC3CEDBB31CC01C82429AF61C31B21C","MAGNE.AI/assets/brand/ecosystem/soei_web.png"
"brand","ecosystem","stabilityworld.svg",".svg","7810","848ACE5BD8A259996A79B0267EBFF82D57928167B6DCDB56DE24A33EA4043841","MAGNE.AI/assets/brand/ecosystem/stabilityworld.svg"
"brand","ecosystem","stabilityworld_web.png",".png","268","9411B689DDB6D33B55760FDBF631B1F617E1C3F19479B5885F7DE6971B7F6F72","MAGNE.AI/assets/brand/ecosystem/stabilityworld_web.png"
"brand","ecosystem","tag.svg",".svg","6520","29504E4BB327DCE8558B0496DCBF8D50518AEA00550CE618CE02C7F8EB4F7844","MAGNE.AI/assets/brand/ecosystem/tag.svg"
"brand","ecosystem","tbv.png",".png","1997","1A91F83C7D4B5E087C8C9351D2BD4440F69E6FA87D99E1A34AA2A2C2885EFFA0","MAGNE.AI/assets/brand/ecosystem/tbv.png"
"brand","ecosystem","tbv_web.png",".png","1997","59E2DCD44D2E1B1D7E348667BFF3D7128FFC3A6B7F31C3EC303EE26004F2056D","MAGNE.AI/assets/brand/ecosystem/tbv_web.png"
"brand","ecosystem","tdk_inv.png",".png","2713","197F7E9395FEDE7625BA2084E6B17A015DADD6243F1AF40090D526D10936876F","MAGNE.AI/assets/brand/ecosystem/tdk_inv.png"
"brand","ecosystem","techflow.png",".png","9427","D113A90C590B64F8B771A00745640735EA3A63A5F18E62869B1145171AF79BF2","MAGNE.AI/assets/brand/ecosystem/techflow.png"
"brand","ecosystem","techflow_web.png",".png","3272","F84E9A4EFC6FF65E9A7B428B16017ABDAC88178F59BF715C896A6D1AB1632137","MAGNE.AI/assets/brand/ecosystem/techflow_web.png"
"brand","ecosystem","teltlk.png",".png","73323","E6A57E91199CB9A37A3C9FB8891891C97C833F9F95F98A4A44FEF039435D4963","MAGNE.AI/assets/brand/ecosystem/teltlk.png"
"brand","ecosystem","teltlk_web.png",".png","1949","27991C14D84ECF3EE55ECA05533A286995E7FA999D30EE889C58E96B73FAED51","MAGNE.AI/assets/brand/ecosystem/teltlk_web.png"
"brand","ecosystem","TX24.png",".png","19512","791D3C092C6C71CD55F7883B1F5A09BEA835080B70184A03EE2633D426B439E6","MAGNE.AI/assets/brand/ecosystem/TX24.png"
"brand","ecosystem","TX24_web.png",".png","3816","7899072533E28A97827BDE5D2823211CDF8F54D9C43FB88A32B605A67B781EDC","MAGNE.AI/assets/brand/ecosystem/TX24_web.png"
"brand","ecosystem","u2u.svg",".svg","7422","2FE113AE0904498F1B5934098BE44E1B4BA8BB7ECB411B5B70C004410FF8B31F","MAGNE.AI/assets/brand/ecosystem/u2u.svg"
"brand","ecosystem","u2u_network.svg",".svg","7422","2FE113AE0904498F1B5934098BE44E1B4BA8BB7ECB411B5B70C004410FF8B31F","MAGNE.AI/assets/brand/ecosystem/u2u_network.svg"
"brand","ecosystem","u2u_network_web.png",".png","1338","03F60A83E0B3C05B8241EF60ADA99E7E2D7B9BC966151836491C2156E1F68D9D","MAGNE.AI/assets/brand/ecosystem/u2u_network_web.png"
"brand","ecosystem","u2u_new.png",".png","7422","2FE113AE0904498F1B5934098BE44E1B4BA8BB7ECB411B5B70C004410FF8B31F","MAGNE.AI/assets/brand/ecosystem/u2u_new.png"
"brand","ecosystem","u2u_web.png",".png","1281","3761E457573978E8361D5B3A52177DB0FA5EF76C322618C182E80297DF621D22","MAGNE.AI/assets/brand/ecosystem/u2u_web.png"
"brand","ecosystem","virgocx.png",".png","6792","15C256ECE5028E9783BDD14F3F8B68493E2279D893201AF284F57AE993BCA508","MAGNE.AI/assets/brand/ecosystem/virgocx.png"
"brand","ecosystem","virgocx_web.png",".png","4080","E20FDA252E105620CCE89ADA3E2227CD8DAD6D14E3D70C195A06735D2B3FDBE6","MAGNE.AI/assets/brand/ecosystem/virgocx_web.png"
"brand","ecosystem","weex.png",".png","5363","D4F61ADBBB943331FAE1229F2D314F00D778BCA18975C15B5DA58EC23C312CDA","MAGNE.AI/assets/brand/ecosystem/weex.png"
"brand","ecosystem","xt.png",".png","2914","898F4DF28FE1081A3DB5A488FC95366A17FB25071C35E6A3F6A59D43732CBB4E","MAGNE.AI/assets/brand/ecosystem/xt.png"
"brand","ecosystem","1zeni.png",".png","3230","B329ECD578F998D305172FA7556B1942960CBDF3A9445EB2582DEBD510A637EA","MAGNE.AI/assets/brand/ecosystem/ecosystem/1zeni.png"
"brand","ecosystem","21dao.png",".png","31569","ECB90015E7820E7391901D98881BAC20A388B973BFDF0EFAC17CC251A2CA080A","MAGNE.AI/assets/brand/ecosystem/ecosystem/21dao.png"
"brand","ecosystem","agentbay.png",".png","6471","9D76DA597E770E34D7E23475A6E7E9B648D07DB91C8BB1A4E0886F75F5BAA696","MAGNE.AI/assets/brand/ecosystem/ecosystem/agentbay.png"
"brand","ecosystem","aios-ventures.png",".png","1865","F26E16C5F1ADBAE8BE5C2816BB120F606422A1B2CD03340CFFFC82995285DA23","MAGNE.AI/assets/brand/ecosystem/ecosystem/aios-ventures.png"
"brand","ecosystem","aios.jpg",".jpg","68548","AED60A35ED8BB8DB516CA98AF595A60E0EF417DBA01D0E3FA6A86F6B779BA57A","MAGNE.AI/assets/brand/ecosystem/ecosystem/aios.jpg"
"brand","ecosystem","aios_web.png",".png","8684","B41F12AA82A5096BB73B2A10503769FAF635F15404E5A79EFE65130433C95C0F","MAGNE.AI/assets/brand/ecosystem/ecosystem/aios_web.png"
"brand","ecosystem","attrace.svg",".svg","6342","C64C96F68F15160F552095B3A1D34958F16FDFBA5D37AC85D82D9E7CA2B974C0","MAGNE.AI/assets/brand/ecosystem/ecosystem/attrace.svg"
"brand","ecosystem","avedex.png",".png","1413","C867D29781CDBBC64A72CA23F99C4BF59305B9708F5EF8311D341E63A56D7CED","MAGNE.AI/assets/brand/ecosystem/ecosystem/avedex.png"
"brand","ecosystem","beosin.png",".png","4286","E0C92129B070CB2E58EBD7326BFFC70DB88CD32210ECCC408E5D928CC41C5833","MAGNE.AI/assets/brand/ecosystem/ecosystem/beosin.png"
"brand","ecosystem","bitget.png",".png","42967","B8E4948D74F94B56C9B9CBB6D6AEF8EE6C79C87CE72614DE55FBA5C3DFFA3C1C","MAGNE.AI/assets/brand/ecosystem/ecosystem/bitget.png"
"brand","ecosystem","bitpush.png",".png","5306","8CBCDB4E6D09139B29994C07172B061960F49B62390C769C5A8442B0DBA3EB76","MAGNE.AI/assets/brand/ecosystem/ecosystem/bitpush.png"
"brand","ecosystem","blockbeats.svg",".svg","19501","334B3538A3D619E203517C623E8CAF82FF4DAEF19D92C4F692B443E9D15E7CA8","MAGNE.AI/assets/brand/ecosystem/ecosystem/blockbeats.svg"
"brand","ecosystem","blockbeats_web.png",".png","302","92895E77AE30AF857C0F6E0C5D430455C08170BD47641A24EEBA1D68B16B2397","MAGNE.AI/assets/brand/ecosystem/ecosystem/blockbeats_web.png"
"brand","ecosystem","chaincatcher_web.png",".png","5121","EAB363408B79544359825A999EE7D47AEB1A03DE0FE278A13F671469B4C82F5A","MAGNE.AI/assets/brand/ecosystem/ecosystem/chaincatcher_web.png"
"brand","ecosystem","chainthink.png",".png","2352","AB952B2F8A6107C18818D72CEDD2F1F0DF9A5B477CCA16DAC3135F26DE21FE80","MAGNE.AI/assets/brand/ecosystem/ecosystem/chainthink.png"
"brand","ecosystem","cheersland.png",".png","5771","C3382306034A8A47922D6880B36BA4B33010D64028773458B8674BF9A2B0F8F3","MAGNE.AI/assets/brand/ecosystem/ecosystem/cheersland.png"
"brand","ecosystem","cipherbc.png",".png","4303","B028F62A0B7BEAD47A53E9953031537A99FD64105B26FBA72A40122FFCCD6970","MAGNE.AI/assets/brand/ecosystem/ecosystem/cipherbc.png"
"brand","ecosystem","crmclick.png",".png","157482","592D4701921C4A677E3AA6FD69BB3E1662356AE69976D52612CB3BF0B9DEF5F7","MAGNE.AI/assets/brand/ecosystem/ecosystem/crmclick.png"
"brand","ecosystem","depinscan_web.png",".png","1705","C9CF3ED43FDF45EF0CDAE3C10FDD414A087DA008B64DFA1B481A712E0DEE76C7","MAGNE.AI/assets/brand/ecosystem/ecosystem/depinscan_web.png"
"brand","ecosystem","dmail.svg",".svg","1261","8CAC8748A63DEDECFDA8FDB95F720A1517D08E9BB6B0E085BB8B63014145C3CD","MAGNE.AI/assets/brand/ecosystem/ecosystem/dmail.svg"
"brand","ecosystem","eni.png",".png","18074","2970C8C176061859FC06F08CC7FB3E1D9A1185E4660BF3E478E223CC7CC65A0A","MAGNE.AI/assets/brand/ecosystem/ecosystem/eni.png"
"brand","ecosystem","eni_web.png",".png","9011","5A4B7A4EFC85F7F2B474ED575638BA36074B60EE3042B314747D275011CF8D25","MAGNE.AI/assets/brand/ecosystem/ecosystem/eni_web.png"
"brand","ecosystem","evx.png",".png","69809","EB5851A0601433A32092DBE9F461ACB04ABE5B44593E386E31DBC181B1C33C73","MAGNE.AI/assets/brand/ecosystem/ecosystem/evx.png"
"brand","ecosystem","evx_web.png",".png","5950","98253D49549BFB5A02494964EAFD3F19E1A503F01BA0AF9CBB892D168F66266C","MAGNE.AI/assets/brand/ecosystem/ecosystem/evx_web.png"
"brand","ecosystem","fih-white.svg",".svg","3090","74347666D61C4A39E038217C49E512044250A566BF6EC6C26578ACB64EE30FF1","MAGNE.AI/assets/brand/ecosystem/ecosystem/fih-white.svg"
"brand","ecosystem","fognet.png",".png","14004","EA205862D299C1F15F6A1269D145B4ACA01DFFCEF04CA169459C720D65F5C442","MAGNE.AI/assets/brand/ecosystem/ecosystem/fognet.png"
"brand","ecosystem","gamepad.svg",".svg","13014","10DFECDB8DE4F48DBB3DE27613403EFCDD236E5FFCEC9FF00B2A40DCB663E8D8","MAGNE.AI/assets/brand/ecosystem/ecosystem/gamepad.svg"
"brand","ecosystem","gamepad_web.png",".png","269","12A94E09CAF0F4C0C649C8DEB71163AA024834BBFDFF0693270524A6B84CFCC6","MAGNE.AI/assets/brand/ecosystem/ecosystem/gamepad_web.png"
"brand","ecosystem","grandgangstacity_web.png",".png","15267","E2FFC0746DC0337AFA5853F60EC992BF83483C8105C70586BE6CBEE825CE7096","MAGNE.AI/assets/brand/ecosystem/ecosystem/grandgangstacity_web.png"
"brand","ecosystem","gs.png",".png","16561","2807749D63810C022D4FDB5C104679D5DC44E785828946A683CE1D742DB44912","MAGNE.AI/assets/brand/ecosystem/ecosystem/gs.png"
"brand","ecosystem","hpx_web.png",".png","2690","61F9F956A8F4FB65FFAAAD04FF37CC6488C2161BA39109E26284456F3C147229","MAGNE.AI/assets/brand/ecosystem/ecosystem/hpx_web.png"
"brand","ecosystem","hyra.svg",".svg","14897","EC63E554E8B5694C620DA596D8DDF1C1FB58E90F118634B73E74570818850963","MAGNE.AI/assets/brand/ecosystem/ecosystem/hyra.svg"
"brand","ecosystem","iflux.svg",".svg","5883","43ECAFA1A4522497531512B977339B7E04A75554C9BA18C787C1252392E881A8","MAGNE.AI/assets/brand/ecosystem/ecosystem/iflux.svg"
"brand","ecosystem","iotex_web.png",".png","5254","28E212F0E0F6BE9D35CA23EA779559D43FDB1117C2F5B3FB2D550AD139E22677","MAGNE.AI/assets/brand/ecosystem/ecosystem/iotex_web.png"
"brand","ecosystem","jinse_web.png",".png","4622","07D2456F40086650EF389589EF7342A3036817B43071E12B0002A250A545E92B","MAGNE.AI/assets/brand/ecosystem/ecosystem/jinse_web.png"
"brand","ecosystem","kpopclick-green.png",".png","3036","42E5DD9A1427D702483828BA2F7EC0F7926A95B8ADF47554E3F7868DAB9688EE","MAGNE.AI/assets/brand/ecosystem/ecosystem/kpopclick-green.png"
"brand","ecosystem","kucoin.png",".png","10689","B610D2DC27E1BDAAF495E2E47176CD3B2093B5832F64EAE08AB387348237446E","MAGNE.AI/assets/brand/ecosystem/ecosystem/kucoin.png"
"brand","ecosystem","kucoin_web.png",".png","3409","EC53D18FB3E700F1C58B3CCEB2ACF707335C7621D9655CE6E15ACE32F7D649D5","MAGNE.AI/assets/brand/ecosystem/ecosystem/kucoin_web.png"
"brand","ecosystem","landload_web.png",".png","20756","0EB7BCA7601D4FC0AA47F57103272D9F4C51370E4347152D8B948661E73AC138","MAGNE.AI/assets/brand/ecosystem/ecosystem/landload_web.png"
"brand","ecosystem","lbank.png",".png","6287","391E2C4794C14DBC0E47F86A3767E90FADD3BC8563FA9551047092030FAE0D57","MAGNE.AI/assets/brand/ecosystem/ecosystem/lbank.png"
"brand","ecosystem","LinkLayer AI.png",".png","62319","EE2F1FED5BAE7FF324F61F7F221BB652AEE08F90B8719A720EF95D2D2A1D75DA","MAGNE.AI/assets/brand/ecosystem/ecosystem/LinkLayer AI.png"
"brand","ecosystem","linklayer.png",".png","10049","6019E288175924E9AC41A4316688D2C3E1CD4981E3A847C9FD0454229E068E9B","MAGNE.AI/assets/brand/ecosystem/ecosystem/linklayer.png"
"brand","ecosystem","logo.png",".png","495361","30F7CEDE0D012163503D18AD22F13E4F46BB6D9798E56C751909F3DFEAD8D06A","MAGNE.AI/assets/brand/ecosystem/ecosystem/logo.png"
"brand","ecosystem","manuspay.png",".png","883903","F878D4D2E970CF734E55EE826CEF321D1016CD56EA80AE6FBC5673A8BB483DDC","MAGNE.AI/assets/brand/ecosystem/ecosystem/manuspay.png"
"brand","ecosystem","menya_web.png",".png","3794","26D686053F8076D0B43E88FACE510F1AB9E6817F71FB3767D5726B062A33AE6A","MAGNE.AI/assets/brand/ecosystem/ecosystem/menya_web.png"
"brand","ecosystem","mexc.png",".png","4930","44B4532713C1DB289C4DD8E2946F937B28D92F42CDBF3B967CA406455038E618","MAGNE.AI/assets/brand/ecosystem/ecosystem/mexc.png"
"brand","ecosystem","mexc.svg",".svg","3090","74347666D61C4A39E038217C49E512044250A566BF6EC6C26578ACB64EE30FF1","MAGNE.AI/assets/brand/ecosystem/ecosystem/mexc.svg"
"brand","ecosystem","mexc_web.png",".png","3105","1D05AEB4ACD87A8A66AB44D8B24BAB38ECA50F9A6B1C7EFDDE4347B8AE3AA298","MAGNE.AI/assets/brand/ecosystem/ecosystem/mexc_web.png"
"brand","ecosystem","mobinode.svg",".svg","660737","4A6ECD9EB7401D163AA4D37E8AE437A808FE29A2395D4AEE91A589A915D5DF8C","MAGNE.AI/assets/brand/ecosystem/ecosystem/mobinode.svg"
"brand","ecosystem","momofun.png",".png","6657","D223583789D02A702D716D44146DC1E0B4A9038C9965B801899BAF23D3110175","MAGNE.AI/assets/brand/ecosystem/ecosystem/momofun.png"
"brand","ecosystem","nodle.svg",".svg","5980","80F310A88C8DA4E51F69CF13724302A42A4665FC5B7FE0870EF54BEB5D2CE361","MAGNE.AI/assets/brand/ecosystem/ecosystem/nodle.svg"
"brand","ecosystem","nodle_web.png",".png","269","12A94E09CAF0F4C0C649C8DEB71163AA024834BBFDFF0693270524A6B84CFCC6","MAGNE.AI/assets/brand/ecosystem/ecosystem/nodle_web.png"
"brand","ecosystem","planethares.png",".png","2761","4CA86C828D189173423B5C655CA114CE9B4A93444B892A8E41BBFADE8A03B49C","MAGNE.AI/assets/brand/ecosystem/ecosystem/planethares.png"
"brand","ecosystem","playsout_web.png",".png","2096","EE8A903A9E74230AB307129A937CF5A34984D7326EF9007BDB6F4DD5890DCE78","MAGNE.AI/assets/brand/ecosystem/ecosystem/playsout_web.png"
"brand","ecosystem","qitmeer.svg",".svg","24764","F7DEC40B49D9CBD29A77D4A26FB0B22D74D25517BD39B848455F33FEBBE8CE48","MAGNE.AI/assets/brand/ecosystem/ecosystem/qitmeer.svg"
"brand","ecosystem","rei_web.png",".png","2621","10C3DBC54EDD4A3065E865412ED4469F425DAA27BD589514E241E7BF674FF02E","MAGNE.AI/assets/brand/ecosystem/ecosystem/rei_web.png"
"brand","ecosystem","samurai.png",".png","85638","C808606D6F16976C0E05092F40986A07F225C858566E0E3B6EF017AAFFE321A1","MAGNE.AI/assets/brand/ecosystem/ecosystem/samurai.png"
"brand","ecosystem","socialgrowai.png",".png","101789","CDCB0FE16E51C103D6DD7FE74E4E0EE4316E602B4BFF88215F4EB84F14186C77","MAGNE.AI/assets/brand/ecosystem/ecosystem/socialgrowai.png"
"brand","ecosystem","soda.png",".png","2687","8309D2CE5FB0F51A9F0311C94843A19B11D337BDDAE3F7E48E35523C1CA6AD7C","MAGNE.AI/assets/brand/ecosystem/ecosystem/soda.png"
"brand","ecosystem","soei.png",".png","124081","7301703C4FD7D69463D5435E50AE9AD62E02231A41D7DC193FF2B414A3D99F1D","MAGNE.AI/assets/brand/ecosystem/ecosystem/soei.png"
"brand","ecosystem","soei_web.png",".png","5539","99881956BDBCCE734168F46E651CA0592FC3CEDBB31CC01C82429AF61C31B21C","MAGNE.AI/assets/brand/ecosystem/ecosystem/soei_web.png"
"brand","ecosystem","stabilityworld.svg",".svg","7810","848ACE5BD8A259996A79B0267EBFF82D57928167B6DCDB56DE24A33EA4043841","MAGNE.AI/assets/brand/ecosystem/ecosystem/stabilityworld.svg"
"brand","ecosystem","stabilityworld_web.png",".png","269","12A94E09CAF0F4C0C649C8DEB71163AA024834BBFDFF0693270524A6B84CFCC6","MAGNE.AI/assets/brand/ecosystem/ecosystem/stabilityworld_web.png"
"brand","ecosystem","tag.svg",".svg","6520","29504E4BB327DCE8558B0496DCBF8D50518AEA00550CE618CE02C7F8EB4F7844","MAGNE.AI/assets/brand/ecosystem/ecosystem/tag.svg"
"brand","ecosystem","techflow.png",".png","9427","D113A90C590B64F8B771A00745640735EA3A63A5F18E62869B1145171AF79BF2","MAGNE.AI/assets/brand/ecosystem/ecosystem/techflow.png"
"brand","ecosystem","teltlk.png",".png","73323","E6A57E91199CB9A37A3C9FB8891891C97C833F9F95F98A4A44FEF039435D4963","MAGNE.AI/assets/brand/ecosystem/ecosystem/teltlk.png"
"brand","ecosystem","teltlk_web.png",".png","1949","27991C14D84ECF3EE55ECA05533A286995E7FA999D30EE889C58E96B73FAED51","MAGNE.AI/assets/brand/ecosystem/ecosystem/teltlk_web.png"
"brand","ecosystem","TX24.png",".png","19512","791D3C092C6C71CD55F7883B1F5A09BEA835080B70184A03EE2633D426B439E6","MAGNE.AI/assets/brand/ecosystem/ecosystem/TX24.png"
"brand","ecosystem","u2u.svg",".svg","7422","2FE113AE0904498F1B5934098BE44E1B4BA8BB7ECB411B5B70C004410FF8B31F","MAGNE.AI/assets/brand/ecosystem/ecosystem/u2u.svg"
"brand","ecosystem","u2u_new.png",".png","7422","2FE113AE0904498F1B5934098BE44E1B4BA8BB7ECB411B5B70C004410FF8B31F","MAGNE.AI/assets/brand/ecosystem/ecosystem/u2u_new.png"
"brand","ecosystem","u2u_web.png",".png","1281","3761E457573978E8361D5B3A52177DB0FA5EF76C322618C182E80297DF621D22","MAGNE.AI/assets/brand/ecosystem/ecosystem/u2u_web.png"
"brand","ecosystem","virgocx.png",".png","6792","15C256ECE5028E9783BDD14F3F8B68493E2279D893201AF284F57AE993BCA508","MAGNE.AI/assets/brand/ecosystem/ecosystem/virgocx.png"
"brand","ecosystem","virgocx_web.png",".png","4080","E20FDA252E105620CCE89ADA3E2227CD8DAD6D14E3D70C195A06735D2B3FDBE6","MAGNE.AI/assets/brand/ecosystem/ecosystem/virgocx_web.png"
"brand","ecosystem","weex.png",".png","5363","D4F61ADBBB943331FAE1229F2D314F00D778BCA18975C15B5DA58EC23C312CDA","MAGNE.AI/assets/brand/ecosystem/ecosystem/weex.png"
"brand","ecosystem","xt.png",".png","2914","898F4DF28FE1081A3DB5A488FC95366A17FB25071C35E6A3F6A59D43732CBB4E","MAGNE.AI/assets/brand/ecosystem/ecosystem/xt.png"
"brand","logos","logo_pdf-1.png",".png","23812","96782B2E41E8E23172CD6D313CEC3334736B73F394C0433320D948770DF39E94","MAGNE.AI/assets/brand/logos/logo_pdf-1.png"
"brand","logos","logo_pdf-2.png",".png","25056","4E05ACF7C97CAB365B4EAC3AE7A553AC348221277C1E974C905F3B3302911C58","MAGNE.AI/assets/brand/logos/logo_pdf-2.png"
"brand","logos","logo_pdf-3.png",".png","5758","412FF46AFB70F272697B9840E33BD3CFA5C9DB5248FFF5DEF155250D7A8CFCE1","MAGNE.AI/assets/brand/logos/logo_pdf-3.png"
"brand","logos","logo_pdf-4.png",".png","5666","642A6B043324839F437D5AB18AC712A8C58F6B6A068681FD1F6A51133E537E91","MAGNE.AI/assets/brand/logos/logo_pdf-4.png"
"brand","logos","logo_pdf-5.png",".png","3604","577EE097E7F8DA963F4E2B7603493D7A11A2DAD259E4B26D98F2C9401045DC8B","MAGNE.AI/assets/brand/logos/logo_pdf-5.png"
"brand","logos","logo_pdf-6.png",".png","22109","95CF2910248555BB14958A520FEF0C8A3D69B8D69C184F690A310C2FC3B1DAF1","MAGNE.AI/assets/brand/logos/logo_pdf-6.png"
"brand","logos","logo_pdf-7.png",".png","28219","305C91964837CFB01437BD285D03F0C9D384AE6F3ED9335C73CC23D3812DEA53","MAGNE.AI/assets/brand/logos/logo_pdf-7.png"
"brand","logos","Magne.AIlogo_1---fad2baf7-a562-463c-bf06-9cdbbc2bec77.jpg",".jpg","64195","9632CCEC511DA10A8CD3F7D658133DC3CE42910D89697A9F1C4119F5A67122BD","MAGNE.AI/assets/brand/logos/Magne.AIlogo_1---fad2baf7-a562-463c-bf06-9cdbbc2bec77.jpg"
"brand","logos","Magne.AIlogo_2---c66058d0-523d-4cdf-82c0-e630cc9e7957.png",".png","13816","D53197D952EE12719C20EF356E860ED9C3C3103CFD844FBA118EC025617BEBD6","MAGNE.AI/assets/brand/logos/Magne.AIlogo_2---c66058d0-523d-4cdf-82c0-e630cc9e7957.png"
"brand","logos","Magne.AIlogo_3---1910244f-bc90-4772-ada7-a2df5ec4fbe9.jpg",".jpg","63197","9982BEEAC6973E7EF728F0C55D31B807A6D77829EAC3717EE2EBD5BE8FF9AA51","MAGNE.AI/assets/brand/logos/Magne.AIlogo_3---1910244f-bc90-4772-ada7-a2df5ec4fbe9.jpg"
"brand","logos","Magne.AIlogo_4---b662a392-704a-44de-9d61-80b7f4e76fc1.jpg",".jpg","55513","7AFCD36F90A081252EFDF6907FAF9520236C1071F194C65C39E4B97468794AE2","MAGNE.AI/assets/brand/logos/Magne.AIlogo_4---b662a392-704a-44de-9d61-80b7f4e76fc1.jpg"
"brand","logos","Magne.AIlogo_5---133ce9d1-a9c9-4726-9233-e81678b04c0e.jpg",".jpg","84024","D3146D07A60D8941E861932D74E0E61489A4F5EC2174F23A86CB494824098E4C","MAGNE.AI/assets/brand/logos/Magne.AIlogo_5---133ce9d1-a9c9-4726-9233-e81678b04c0e.jpg"
"brand","logos","Magne.AIlogo_6---934e0ae4-bdf8-4010-bc9e-c1917cb215ad.jpg",".jpg","91874","2709B0586D2E0E455BDDA590978583FF446D7EB1BCAD43897EF0DC0CD59253A6","MAGNE.AI/assets/brand/logos/Magne.AIlogo_6---934e0ae4-bdf8-4010-bc9e-c1917cb215ad.jpg"
"brand","logos","Magne.AIlogo_BLACB1---2fc029b0-210f-4da5-b762-af7318d68c88.jpg",".jpg","175631","793C65184BA29B644D2FB661CA54A1CA585E3007A7CE41BEE36B8834B6D592CA","MAGNE.AI/assets/brand/logos/Magne.AIlogo_BLACB1---2fc029b0-210f-4da5-b762-af7318d68c88.jpg"
"brand","logos","Magne.AIlogo_BLACK---4d6e6ebf-4718-4629-9066-e9d7e30c6179.jpg",".jpg","181684","5DC87B249A030765793AEC7922D7D98A7A6884A5048514E7EA15D86EA6F84313","MAGNE.AI/assets/brand/logos/Magne.AIlogo_BLACK---4d6e6ebf-4718-4629-9066-e9d7e30c6179.jpg"
"brand","logos","Magne.AIlogo_BLACKPNG---60b049b1-b656-4d69-9119-1280a994b2b0.png",".png","48906","F77DC6D07B05C4A4B32F35F293642D8DECF54F34960904F30F4E5998775B854D","MAGNE.AI/assets/brand/logos/Magne.AIlogo_BLACKPNG---60b049b1-b656-4d69-9119-1280a994b2b0.png"
"brand","logos","Magne.AIlogo_png_3---ab3165ec-3118-4423-a257-629440305ca7.png",".png","13856","0036664C3A57437D5F4F21C24FEC2F99135382471AEA4AFB0843C7442C28B156","MAGNE.AI/assets/brand/logos/Magne.AIlogo_png_3---ab3165ec-3118-4423-a257-629440305ca7.png"
"brand","logos","Magne.AIlogo_PNG_5---67148b18-44bb-400c-8035-f3c7e3469844.png",".png","53497","E55134493C8121EECEB73409EDCA1948D6DD2268AAD658564B2614F8DCD74AB1","MAGNE.AI/assets/brand/logos/Magne.AIlogo_PNG_5---67148b18-44bb-400c-8035-f3c7e3469844.png"
"brand","logos","Magne.AIlogo_PNG_6---01b9231c-d825-4e5e-a7cf-c80624a0e617.png",".png","55714","2AA5C4143164DD9D2900A29B97627DE42C8922457483F2AADD3EAF267CE07471","MAGNE.AI/assets/brand/logos/Magne.AIlogo_PNG_6---01b9231c-d825-4e5e-a7cf-c80624a0e617.png"
"brand","logos","Magne.AIlogo_WITHE---9e7017c9-bf39-4944-946b-8ffaefa978e8.png",".png","48934","818458E8FB207B790441080CBD7AB1CC7AB9C8FA69C0ABFDE70D9B63E505F57E","MAGNE.AI/assets/brand/logos/Magne.AIlogo_WITHE---9e7017c9-bf39-4944-946b-8ffaefa978e8.png"
"brand","media-kit","brand-identity.png",".png","102136","E2E953279F23B2D0968DA44D40819C482CBB0C5804203AB9FBCB88A007815232","MAGNE.AI/assets/brand/media-kit/brand-identity.png"
"brand","media-kit","color-guide.png",".png","1449438","7AE9A5B404BCC0F1DD4C0D4E106B7A13C5B63C2FCAF22E2D9BE04C47B6801D07","MAGNE.AI/assets/brand/media-kit/color-guide.png"
"brand","media-kit","logo-concept.png",".png","182125","9773F18CCFC6B3442887134BCF2CC04C311B47F0F75093E5ABC85C1277453614","MAGNE.AI/assets/brand/media-kit/logo-concept.png"
"brand","media-kit","nfc-card.png",".png","224075","D57037EBC8BCDE449D4FD637BF7248EFEE4A326FDE3311F9CA70B4CFE4DE8639","MAGNE.AI/assets/brand/media-kit/nfc-card.png"
"brand","media-kit","package-page-1-transparent.png",".png","324070","7F2A4C5623171478FB1E9B9CE51C852A28E2662D59FC687E933BE87710975234","MAGNE.AI/assets/brand/media-kit/package-page-1-transparent.png"
"brand","media-kit","package-page-1.png",".png","598222","650D19B76103A26FD6943D0851D4272FA78583CF01CC97F9FB7A02D187482E06","MAGNE.AI/assets/brand/media-kit/package-page-1.png"
"brand","media-kit","package-page-2-transparent.png",".png","329397","180C09EDDB973AA2D40D7C46CC37F5EFC97D2367F1002658ABEF24A8E8CF2326","MAGNE.AI/assets/brand/media-kit/package-page-2-transparent.png"
"brand","media-kit","package-page-2.png",".png","1243411","46372124CE7199EC5A42A8968A8FED56393C8FB683210D293E08BEEC6E713C09","MAGNE.AI/assets/brand/media-kit/package-page-2.png"
"brand","media-kit","package-page-3-transparent.png",".png","203075","8C244CC440416C4351ED5DEC85924156C7AB288EAE49A0266E2DCD57B090A423","MAGNE.AI/assets/brand/media-kit/package-page-3-transparent.png"
"brand","media-kit","package-page-3.png",".png","181650","A02A5D61B556FD747AD9E15972083AD0F38642CF77DE444A7C710378BDC63A26","MAGNE.AI/assets/brand/media-kit/package-page-3.png"
"brand","media-kit","package-page-4-transparent.png",".png","190300","FB07FD0DBD50C016778897F60DACC96E5BAF780A7B8C5E0ADC400E0EBE6704C1","MAGNE.AI/assets/brand/media-kit/package-page-4-transparent.png"
"brand","media-kit","package-page-4.png",".png","852885","943F401A3337909F3DE029BFDC85B0FD3807DF7325CB9FA28C28A8287FA8E4EF","MAGNE.AI/assets/brand/media-kit/package-page-4.png"
"brand","media-kit","package-page-5-transparent.png",".png","313122","DD75D453170C884BACCE8F949F50A7B0795C78DDC0A38E76AA6AF9705AF7F3AD","MAGNE.AI/assets/brand/media-kit/package-page-5-transparent.png"
"brand","media-kit","package-page-5.png",".png","1752310","FC59559E8F2B365C5D24A4CE5B3DB6FA25EA011983676C4B74A2BAC202E9FDEA","MAGNE.AI/assets/brand/media-kit/package-page-5.png"
"brand","media-kit","01-logo-variant.png",".png","55714","2AA5C4143164DD9D2900A29B97627DE42C8922457483F2AADD3EAF267CE07471","MAGNE.AI/assets/brand/media-kit-logos/01-logo-variant.png"
"brand","media-kit","02-logo-variant.png",".png","53497","E55134493C8121EECEB73409EDCA1948D6DD2268AAD658564B2614F8DCD74AB1","MAGNE.AI/assets/brand/media-kit-logos/02-logo-variant.png"
"brand","media-kit","03-logo-variant.png",".png","13856","0036664C3A57437D5F4F21C24FEC2F99135382471AEA4AFB0843C7442C28B156","MAGNE.AI/assets/brand/media-kit-logos/03-logo-variant.png"
"brand","media-kit","04-logo-black-wide.png",".png","48906","F77DC6D07B05C4A4B32F35F293642D8DECF54F34960904F30F4E5998775B854D","MAGNE.AI/assets/brand/media-kit-logos/04-logo-black-wide.png"
"brand","media-kit","06-logo-white-wide.png",".png","48934","818458E8FB207B790441080CBD7AB1CC7AB9C8FA69C0ABFDE70D9B63E505F57E","MAGNE.AI/assets/brand/media-kit-logos/06-logo-white-wide.png"
"brand","media-kit","08-logo-vector.svg",".svg","1562","E2EDAD5E53B841CA51F166FF3B19FCEAA4109B93BC5DCE87607E19B27C37BAA6","MAGNE.AI/assets/brand/media-kit-logos/08-logo-vector.svg"
"brand","media-kit","09-logo-vector.svg",".svg","66548","FA1455F3793BF3E39F1792B76FE4B59A9F50927872CF2771666AED40EA5FEC28","MAGNE.AI/assets/brand/media-kit-logos/09-logo-vector.svg"
"brand","media-kit","10-logo-vector.svg",".svg","2157","62CE60498134A37FF397064C3376A2603BF1B932B5C26659F1E86350F8DB236A","MAGNE.AI/assets/brand/media-kit-logos/10-logo-vector.svg"
"brand","media-kit","11-logo-vector.svg",".svg","1945","9C3DEAB5961059AE2F5570D866346303018DDE7ABD9CFF3DECC54A4A25F9831C","MAGNE.AI/assets/brand/media-kit-logos/11-logo-vector.svg"
"brand","media-kit","18-logo-vector.svg",".svg","4797","BFEB8D970A3A2AB1AC23D070C2D0339E78D2D1E18B5630DBE9D1BF06411DF5DB","MAGNE.AI/assets/brand/media-kit-logos/18-logo-vector.svg"
"brand","media-kit","21-logo-vector.svg",".svg","1562","A4CD23FD77306AA329B28950F43D46EA27F05C380A06E251059168166D8FE204","MAGNE.AI/assets/brand/media-kit-logos/21-logo-vector.svg"
"brand","media-kit","26-logo-vector.svg",".svg","4797","E68052B7166F9F96D317A9930103DD2D44113823F562AAD17FB8733ED69E0B16","MAGNE.AI/assets/brand/media-kit-logos/26-logo-vector.svg"
"brand","media-kit","28-logo-variant.png",".png","13816","D53197D952EE12719C20EF356E860ED9C3C3103CFD844FBA118EC025617BEBD6","MAGNE.AI/assets/brand/media-kit-logos/28-logo-variant.png"
"brand","media-kit","ms2-icon-3d.png",".png","847182","FCA30B11CE2A5912EFFAEF1AF2F62D5924D7EDA6E13A914ADE428542A38FB5B7","MAGNE.AI/assets/brand/media-kit-logos/ms2/ms2-icon-3d.png"
"brand","media-kit","ms2-icon-vector.svg",".svg","2505","AD10332C3A05FFBB0876D503D777CC4261D52D35128AB56F63742BACFC429D7C","MAGNE.AI/assets/brand/media-kit-logos/ms2/ms2-icon-vector.svg"
"brand","media-kit","ms2-logo-horizontal.png",".png","156663","53FDC67206F1A334404EB47CEEBC028EB0A597FCDFA97AB12DF5973F0227DA35","MAGNE.AI/assets/brand/media-kit-logos/ms2/ms2-logo-horizontal.png"
"brand","media-kit","ms2-wordmark.png",".png","98062","FF610A9DD723AE6BACDEBC36EA2DEF958A08888EEB4EC68861B9C8A1BED2A927","MAGNE.AI/assets/brand/media-kit-logos/ms2/ms2-wordmark.png"
"brand","partners","1zeni.png",".png","3230","B329ECD578F998D305172FA7556B1942960CBDF3A9445EB2582DEBD510A637EA","MAGNE.AI/assets/brand/partners/1zeni.png"
"brand","partners","21dao.png",".png","31569","ECB90015E7820E7391901D98881BAC20A388B973BFDF0EFAC17CC251A2CA080A","MAGNE.AI/assets/brand/partners/21dao.png"
"brand","partners","agentbay.png",".png","6471","9D76DA597E770E34D7E23475A6E7E9B648D07DB91C8BB1A4E0886F75F5BAA696","MAGNE.AI/assets/brand/partners/agentbay.png"
"brand","partners","aios-ventures.png",".png","1865","F26E16C5F1ADBAE8BE5C2816BB120F606422A1B2CD03340CFFFC82995285DA23","MAGNE.AI/assets/brand/partners/aios-ventures.png"
"brand","partners","aixovia.webp",".webp","169426","E43EB078C242AE511D09C26F1C1827764325F377BB80D056141F00E45E20F902","MAGNE.AI/assets/brand/partners/aixovia.webp"
"brand","partners","attrace.svg",".svg","6342","C64C96F68F15160F552095B3A1D34958F16FDFBA5D37AC85D82D9E7CA2B974C0","MAGNE.AI/assets/brand/partners/attrace.svg"
"brand","partners","aveai.png",".png","1803","DD3116400EF300B52B56021D56C99D50CA81E7A5727296F087FFB2AE1641F6AB","MAGNE.AI/assets/brand/partners/aveai.png"
"brand","partners","aveai2.png",".png","5493","6F5A7B1114B53794BA827F0CE644A77DE72203AADA56908B9BCDF41F6861894B","MAGNE.AI/assets/brand/partners/aveai2.png"
"brand","partners","avedex.png",".png","1413","C867D29781CDBBC64A72CA23F99C4BF59305B9708F5EF8311D341E63A56D7CED","MAGNE.AI/assets/brand/partners/avedex.png"
"brand","partners","avedex2.png",".png","3642","8B083BC4F7EC679253C3BF0F9AEB0792A53FEC33FFFB5F376ACF884D7D2F66AF","MAGNE.AI/assets/brand/partners/avedex2.png"
"brand","partners","aylab.png",".png","2898","7ABCFA8C98511E98BE63CE305DCF787C680B52DD5115783B4AC18E97CEFDA385","MAGNE.AI/assets/brand/partners/aylab.png"
"brand","partners","becker.png",".png","10167","D8919A387610DCCBBD0F150C9E297279E9551571EBD53F9EE98F16492DBFD440","MAGNE.AI/assets/brand/partners/becker.png"
"brand","partners","beosin.png",".png","4286","E0C92129B070CB2E58EBD7326BFFC70DB88CD32210ECCC408E5D928CC41C5833","MAGNE.AI/assets/brand/partners/beosin.png"
"brand","partners","bg.png",".png","243","59147EC101770BCDDD42CF4C768A96D55EABFC2F2F4F803EB013EA22FC956330","MAGNE.AI/assets/brand/partners/bg.png"
"brand","partners","bitget.png",".png","42967","B8E4948D74F94B56C9B9CBB6D6AEF8EE6C79C87CE72614DE55FBA5C3DFFA3C1C","MAGNE.AI/assets/brand/partners/bitget.png"
"brand","partners","bitpush.png",".png","5306","8CBCDB4E6D09139B29994C07172B061960F49B62390C769C5A8442B0DBA3EB76","MAGNE.AI/assets/brand/partners/bitpush.png"
"brand","partners","blockbeats.svg",".svg","19501","334B3538A3D619E203517C623E8CAF82FF4DAEF19D92C4F692B443E9D15E7CA8","MAGNE.AI/assets/brand/partners/blockbeats.svg"
"brand","partners","blockbeats_web.png",".png","304","0A2352FBCB26E15A0972CB4EAECA7A024F50C32EF2D0968274E9B287DC55B750","MAGNE.AI/assets/brand/partners/blockbeats_web.png"
"brand","partners","castrum.png",".png","154378","6F8FD3171E77148EC312EA645B957F57CAFB301DE5431EE646298ABCB638995E","MAGNE.AI/assets/brand/partners/castrum.png"
"brand","partners","chaincatcher.png",".png","4053","577B7D8DB02C456E2F8E6BA8EA90B71A246397C0B3BB5932A615D0051B3223CF","MAGNE.AI/assets/brand/partners/chaincatcher.png"
"brand","partners","chaincatcher_web.png",".png","5121","EAB363408B79544359825A999EE7D47AEB1A03DE0FE278A13F671469B4C82F5A","MAGNE.AI/assets/brand/partners/chaincatcher_web.png"
"brand","partners","chainthink.png",".png","2352","AB952B2F8A6107C18818D72CEDD2F1F0DF9A5B477CCA16DAC3135F26DE21FE80","MAGNE.AI/assets/brand/partners/chainthink.png"
"brand","partners","cheersland.png",".png","5771","C3382306034A8A47922D6880B36BA4B33010D64028773458B8674BF9A2B0F8F3","MAGNE.AI/assets/brand/partners/cheersland.png"
"brand","partners","cipherbc.png",".png","4303","B028F62A0B7BEAD47A53E9953031537A99FD64105B26FBA72A40122FFCCD6970","MAGNE.AI/assets/brand/partners/cipherbc.png"
"brand","partners","crmclick.png",".png","157482","592D4701921C4A677E3AA6FD69BB3E1662356AE69976D52612CB3BF0B9DEF5F7","MAGNE.AI/assets/brand/partners/crmclick.png"
"brand","partners","deepmind_blue.png",".png","5139","95C6783DF846B5040FB9707D63F0DFA0EB811D7DCC32D75DE071A24B7CD564DB","MAGNE.AI/assets/brand/partners/deepmind_blue.png"
"brand","partners","deepmind_web.png",".png","5201","C679328744C6A32EA858C2E2C8F3772390D4FF534BB50B1A55A78D1A463E5009","MAGNE.AI/assets/brand/partners/deepmind_web.png"
"brand","partners","depinscan-new.svg",".svg","1847","0D4663953E8EC7609978B7604E165D11A36152C08E3DE744F8FE9346A6D8EF52","MAGNE.AI/assets/brand/partners/depinscan-new.svg"
"brand","partners","depinscan.png",".png","1101","ADD3482301BFBFBEF70CC2830AC845362EA7BE406EB59C1A09FDDC299A496955","MAGNE.AI/assets/brand/partners/depinscan.png"
"brand","partners","depinscan.svg",".svg","1847","0D4663953E8EC7609978B7604E165D11A36152C08E3DE744F8FE9346A6D8EF52","MAGNE.AI/assets/brand/partners/depinscan.svg"
"brand","partners","depinscan_web.png",".png","1705","C9CF3ED43FDF45EF0CDAE3C10FDD414A087DA008B64DFA1B481A712E0DEE76C7","MAGNE.AI/assets/brand/partners/depinscan_web.png"
"brand","partners","dmail.svg",".svg","1261","8CAC8748A63DEDECFDA8FDB95F720A1517D08E9BB6B0E085BB8B63014145C3CD","MAGNE.AI/assets/brand/partners/dmail.svg"
"brand","partners","duckdao.png",".png","5550","755964B8A56DFB091EE832DA94F60FEA0EC402A74944683D8BB0D353BFDF4BE0","MAGNE.AI/assets/brand/partners/duckdao.png"
"brand","partners","duckdao.svg",".svg","4771","6990A51267B59F9A8863C772F4B3A940318C07C3EC7B038DF79DF5731C6ABB56","MAGNE.AI/assets/brand/partners/duckdao.svg"
"brand","partners","eni.png",".png","18074","2970C8C176061859FC06F08CC7FB3E1D9A1185E4660BF3E478E223CC7CC65A0A","MAGNE.AI/assets/brand/partners/eni.png"
"brand","partners","eson_larger.png",".png","9731","BBA0ABDE8620CFF879BB39494F51E32B796B1D5FCFA131C6AA233EAC9D62CAA7","MAGNE.AI/assets/brand/partners/eson_larger.png"
"brand","partners","eson_web.png",".png","7703","599E46CE29B10FD1871EDF71C9A13190675A34CDAC1A966DEB0BD7D3858F2ADF","MAGNE.AI/assets/brand/partners/eson_web.png"
"brand","partners","evx.png",".png","71273","73F7A1AE7F74E5EB89EB9AFC71ADEE7029417FDED7A48BBDAC914CB79BA37F9A","MAGNE.AI/assets/brand/partners/evx.png"
"brand","partners","fih-white.svg",".svg","3090","74347666D61C4A39E038217C49E512044250A566BF6EC6C26578ACB64EE30FF1","MAGNE.AI/assets/brand/partners/fih-white.svg"
"brand","partners","fih.png",".png","1703","E1AB4E9D70409194BBD0C2F33E6501BE12ED6CF38E18408105D2E358E60CA9CB","MAGNE.AI/assets/brand/partners/fih.png"
"brand","partners","fognet.png",".png","14004","EA205862D299C1F15F6A1269D145B4ACA01DFFCEF04CA169459C720D65F5C442","MAGNE.AI/assets/brand/partners/fognet.png"
"brand","partners","foxconn.png",".png","2146","AB9B1B99D2E84F1E62FF00F950DF7203E52F8D0537456009013AADA463DF3A1C","MAGNE.AI/assets/brand/partners/foxconn.png"
"brand","partners","gamepad.svg",".svg","13014","10DFECDB8DE4F48DBB3DE27613403EFCDD236E5FFCEC9FF00B2A40DCB663E8D8","MAGNE.AI/assets/brand/partners/gamepad.svg"
"brand","partners","gamepad_web.png",".png","269","12A94E09CAF0F4C0C649C8DEB71163AA024834BBFDFF0693270524A6B84CFCC6","MAGNE.AI/assets/brand/partners/gamepad_web.png"
"brand","partners","ganapay.jpg",".jpg","919","584187AB8B9669016206D88B4C23A5796F7EC5C9708F0CC77988D1913C716AE2","MAGNE.AI/assets/brand/partners/ganapay.jpg"
"brand","partners","google-cloud.png",".png","72000","5509A9855582938502C8B2F5639DFDD2CE73E78E3024F0D1385D46D5928221A9","MAGNE.AI/assets/brand/partners/google-cloud.png"
"brand","partners","google-logo.png",".png","11870","BAC3AB71F311A72B64B6E8A5A68DC077FFAA9BECA96B1885C7FF74891E20B1AB","MAGNE.AI/assets/brand/partners/google-logo.png"
"brand","partners","google.png",".png","1906","A33A47A20C0EC6B0C13AF43AE681BF73023E4A35F792CB055700E94D467F236D","MAGNE.AI/assets/brand/partners/google.png"
"brand","partners","grandgangstacity.png",".png","52792","D83BB94F1A60A78A5F1C3D3CC658FDBEA2FFFAFFC2677C8090986D4EA942DE79","MAGNE.AI/assets/brand/partners/grandgangstacity.png"
"brand","partners","gs.png",".png","16561","2807749D63810C022D4FDB5C104679D5DC44E785828946A683CE1D742DB44912","MAGNE.AI/assets/brand/partners/gs.png"
"brand","partners","hed-alpha.png",".png","64737","0F73A3363EB3CE06C6C0F5DA436F51B1343AEF8F37E797206128B5F93DE68F5A","MAGNE.AI/assets/brand/partners/hed-alpha.png"
"brand","partners","hed-clean.png",".png","56872","9A0CEB05D36832E7E6BFCB02A02FA7B846EE4C3666DE0B462099099ED9747C9F","MAGNE.AI/assets/brand/partners/hed-clean.png"
"brand","partners","hed-final.png",".png","64710","221ACF7265C22571DCA4D3010001B1CABCFC1C7B4A1B55F493B1790C7D6D65AD","MAGNE.AI/assets/brand/partners/hed-final.png"
"brand","partners","hed-tmp.png",".png","64740","69BC658A81765AA7C42BF2130EA0370349B342E5F27298D60962901703F583E9","MAGNE.AI/assets/brand/partners/hed-tmp.png"
"brand","partners","hed-trans.png",".png","64863","1BE940A88B1070C20F358C026092A38CEC70ECCA932DEEB06E0FF0918465FFFA","MAGNE.AI/assets/brand/partners/hed-trans.png"
"brand","partners","hed.png",".png","64876","70DB19E81D7DE752DE47CACBCAA09D61715270C2E289B3F6E14751F3A822AF3A","MAGNE.AI/assets/brand/partners/hed.png"
"brand","partners","hpx.png",".png","1018","9A797E5E4D006CE4C39274404724BF2FD2214075814425FA958B04F797CDE5DD","MAGNE.AI/assets/brand/partners/hpx.png"
"brand","partners","hpx_web.png",".png","2690","61F9F956A8F4FB65FFAAAD04FF37CC6488C2161BA39109E26284456F3C147229","MAGNE.AI/assets/brand/partners/hpx_web.png"
"brand","partners","hyra-bg4.svg",".svg","13407","CCE65B0E88BFC2C147C8BC91F98414AD54726E122BEFE9726B7F3CD77DB1E212","MAGNE.AI/assets/brand/partners/hyra-bg4.svg"
"brand","partners","hyra.svg",".svg","14897","EC63E554E8B5694C620DA596D8DDF1C1FB58E90F118634B73E74570818850963","MAGNE.AI/assets/brand/partners/hyra.svg"
"brand","partners","iflux.svg",".svg","5883","43ECAFA1A4522497531512B977339B7E04A75554C9BA18C787C1252392E881A8","MAGNE.AI/assets/brand/partners/iflux.svg"
"brand","partners","imag.png",".png","19141","D9B8C81096B91424454D425866A3E190088F1699EB570C7CA5F624D833AA951D","MAGNE.AI/assets/brand/partners/imag.png"
"brand","partners","imag.svg",".svg","4625","A1E25A2C73297BA4469C2E10A244FEDE4AB36E6C79D3A40A72B4EE0F8E15A3F7","MAGNE.AI/assets/brand/partners/imag.svg"
"brand","partners","imag_final.png",".png","4991","BD44EB49D7337AFDB6F94B63F782D13E2A763E164B05C30449241BB512D37145","MAGNE.AI/assets/brand/partners/imag_final.png"
"brand","partners","imag_green.png",".png","4948","E708215065B895AC9E8663DFD5FA1E0C312F2EE877016AC98FDA15FEBE5F31A3","MAGNE.AI/assets/brand/partners/imag_green.png"
"brand","partners","imag_hires.png",".png","4042","E2C0609AC212F7A320232362A371E8D4A16A87837C05D729C4F09537190849D9","MAGNE.AI/assets/brand/partners/imag_hires.png"
"brand","partners","imag_inv.png",".png","2142","02634FE3899870AF0900B89FC0E65BA25782A2C275C9ED3AAF9CBD196994BC30","MAGNE.AI/assets/brand/partners/imag_inv.png"
"brand","partners","imag_new.png",".png","4146","D1CE5A08CCE05733E91629819E7AB4F8DB2B513D0243DF37C1DEA886FAF00838","MAGNE.AI/assets/brand/partners/imag_new.png"
"brand","partners","imag_raw.png",".png","13842","8B3E6B49B87B62627A64B2BCF570FF9CFEF75257D4AA26A1E2905004AD5D8E8F","MAGNE.AI/assets/brand/partners/imag_raw.png"
"brand","partners","instagram.jpg",".jpg","65241","8DE2F2B57CC2713E1CFD5641FDF1045EDD8B75F53881BA71DB5B80F7237CB0FE","MAGNE.AI/assets/brand/partners/instagram.jpg"
"brand","partners","iot.png",".png","243","6CB456941BE2D283B7BAEACBF96B31818E927025B86A74923E3573CB2D632F26","MAGNE.AI/assets/brand/partners/iot.png"
"brand","partners","iotex.png",".png","5396","5463385EC30DC506314A45943F360656BB7789C46A51DBF0398C60E41F821702","MAGNE.AI/assets/brand/partners/iotex.png"
"brand","partners","iotex_web.png",".png","5254","28E212F0E0F6BE9D35CA23EA779559D43FDB1117C2F5B3FB2D550AD139E22677","MAGNE.AI/assets/brand/partners/iotex_web.png"
"brand","partners","jinse.png",".png","6251","421F1314E870DF486907CF46454C016E7C1950681A8FC20B398B39B0866605B2","MAGNE.AI/assets/brand/partners/jinse.png"
"brand","partners","jinse_web.png",".png","4622","07D2456F40086650EF389589EF7342A3036817B43071E12B0002A250A545E92B","MAGNE.AI/assets/brand/partners/jinse_web.png"
"brand","partners","kpopclick-green.png",".png","3036","42E5DD9A1427D702483828BA2F7EC0F7926A95B8ADF47554E3F7868DAB9688EE","MAGNE.AI/assets/brand/partners/kpopclick-green.png"
"brand","partners","kpopclick.png",".png","3192","C8127B761CC37986D11CBA1244F8D3310BBAB9C03A7962FCF7E6B52964E44901","MAGNE.AI/assets/brand/partners/kpopclick.png"
"brand","partners","ku.png",".png","243","389C1EBB06E5F6F82610D980C2FF2E9E0334099464BB3C3FC1C3DBA8BCF93B9A","MAGNE.AI/assets/brand/partners/ku.png"
"brand","partners","kucoin.png",".png","10689","B610D2DC27E1BDAAF495E2E47176CD3B2093B5832F64EAE08AB387348237446E","MAGNE.AI/assets/brand/partners/kucoin.png"
"brand","partners","kucoin.svg",".svg","10052","742585F1CDBBF266C69DE4892C4EB5E3D392BCA3251E0481C38D5BD286A3BFE8","MAGNE.AI/assets/brand/partners/kucoin.svg"
"brand","partners","kucoin_new.png",".png","14688","1C9233BBBE8B2CEED07A15304689581E72113889D57C00AE4A4DBE252BB6CD33","MAGNE.AI/assets/brand/partners/kucoin_new.png"
"brand","partners","landload.png",".png","64672","1B16DA72BAB305788FD5ADC093B644D04DB7C981D7A893BD46AC82A72DC52F6A","MAGNE.AI/assets/brand/partners/landload.png"
"brand","partners","landload_web.png",".png","20756","0EB7BCA7601D4FC0AA47F57103272D9F4C51370E4347152D8B948661E73AC138","MAGNE.AI/assets/brand/partners/landload_web.png"
"brand","partners","lbank.png",".png","6287","391E2C4794C14DBC0E47F86A3767E90FADD3BC8563FA9551047092030FAE0D57","MAGNE.AI/assets/brand/partners/lbank.png"
"brand","partners","linklayer.png",".png","10049","6019E288175924E9AC41A4316688D2C3E1CD4981E3A847C9FD0454229E068E9B","MAGNE.AI/assets/brand/partners/linklayer.png"
"brand","partners","logo.png",".png","495361","30F7CEDE0D012163503D18AD22F13E4F46BB6D9798E56C751909F3DFEAD8D06A","MAGNE.AI/assets/brand/partners/logo.png"
"brand","partners","manuspay.png",".png","883903","F878D4D2E970CF734E55EE826CEF321D1016CD56EA80AE6FBC5673A8BB483DDC","MAGNE.AI/assets/brand/partners/manuspay.png"
"brand","partners","medium.png",".png","7768","A8C2D76431D51CAD8551A387DAC42E91BAD70E1649122C47B469D58F2BAA1F68","MAGNE.AI/assets/brand/partners/medium.png"
"brand","partners","menya.png",".png","1572","559D6CBCB8699904EFC0D0DD60BE6196427E1919E2B1ECD0EDB828EFCBB2BE68","MAGNE.AI/assets/brand/partners/menya.png"
"brand","partners","mexc-new.png",".png","265","8AF6273B8DF50F8ABE2D9A603F1A2B462C3EA059298CC319375A541B61BF563C","MAGNE.AI/assets/brand/partners/mexc-new.png"
"brand","partners","mexc.png",".png","4930","44B4532713C1DB289C4DD8E2946F937B28D92F42CDBF3B967CA406455038E618","MAGNE.AI/assets/brand/partners/mexc.png"
"brand","partners","mexc.svg",".svg","6496","BB147D6ACB282AD90990B02259CAB26009314E1D784C369F6CDDFF06C52FB595","MAGNE.AI/assets/brand/partners/mexc.svg"
"brand","partners","micron.png",".png","2054","A36AED592A2C241947DDEC71D277330852B4A8BEEE8135EAD270A2C803BE7F0E","MAGNE.AI/assets/brand/partners/micron.png"
"brand","partners","micron.svg",".svg","2735","58EFEB225AC55C7E0BF198E403F84815ABBE49F4084178E1E199CB98C2EB59AA","MAGNE.AI/assets/brand/partners/micron.svg"
"brand","partners","micron_hires.png",".png","46315","B0A7808A41CCFDD41F694F6FACA01A75A7702007A5EE2227A556A5B3765A375B","MAGNE.AI/assets/brand/partners/micron_hires.png"
"brand","partners","micron_inv.png",".png","2522","8E8E51507EDD2CFC144C779B6E2644B1A92341574B13B76E6E45E95B708281D5","MAGNE.AI/assets/brand/partners/micron_inv.png"
"brand","partners","micron_logo.png",".png","2806","7F49BDD1D00EA28EDC4B998147979C4A140F10B52935028EC9F03986B13C6626","MAGNE.AI/assets/brand/partners/micron_logo.png"
"brand","partners","mobinode.svg",".svg","660737","4A6ECD9EB7401D163AA4D37E8AE437A808FE29A2395D4AEE91A589A915D5DF8C","MAGNE.AI/assets/brand/partners/mobinode.svg"
"brand","partners","momofun.png",".png","6657","D223583789D02A702D716D44146DC1E0B4A9038C9965B801899BAF23D3110175","MAGNE.AI/assets/brand/partners/momofun.png"
"brand","partners","mx.png",".png","243","B50C00A436CAAE5FA7E58DFF87DCD45DECC4A19F5AD0F2DFFE0E100836E14ADC","MAGNE.AI/assets/brand/partners/mx.png"
"brand","partners","new-partner.png",".png","76262","717CED59334BD4AFF000DCB8AA5A0B8C24AA64B71617B0D31630C3D150B12775","MAGNE.AI/assets/brand/partners/new-partner.png"
"brand","partners","newlogo.png",".png","19512","791D3C092C6C71CD55F7883B1F5A09BEA835080B70184A03EE2633D426B439E6","MAGNE.AI/assets/brand/partners/newlogo.png"
"brand","partners","nodle.svg",".svg","5980","80F310A88C8DA4E51F69CF13724302A42A4665FC5B7FE0870EF54BEB5D2CE361","MAGNE.AI/assets/brand/partners/nodle.svg"
"brand","partners","nodle_web.png",".png","269","12A94E09CAF0F4C0C649C8DEB71163AA024834BBFDFF0693270524A6B84CFCC6","MAGNE.AI/assets/brand/partners/nodle_web.png"
"brand","partners","partner1.png",".png","10839","8D0D7C4F1D588D70F4C76ADDEE8D5CF9D6F7D9D70C3E6135B0D86433AE9FB963","MAGNE.AI/assets/brand/partners/partner1.png"
"brand","partners","partner2.png",".png","3340","B30EA9048908435B4E8360020B61C7B464B22138144AF2CBBAEF991971B80EBE","MAGNE.AI/assets/brand/partners/partner2.png"
"brand","partners","partner3.png",".png","3345","4AC489FCA52B1ACE9327618BC2E1BA81E1B520A2B495200552F70DEC552DC002","MAGNE.AI/assets/brand/partners/partner3.png"
"brand","partners","partner4.png",".png","2013","344D748954033CAAEC366F357C2CC2FCCD190FF5FAE114DCC61262641534F66F","MAGNE.AI/assets/brand/partners/partner4.png"
"brand","partners","partner5.png",".png","2048","0ADF75996C327E4F9261EE90254CC41B48D9EFB1A019BEB00A0D690FAEA93A8D","MAGNE.AI/assets/brand/partners/partner5.png"
"brand","partners","partner6.png",".png","3697","D682506488F8931AE485F3CA328FCB788FFB53F355F9B82E89C5838B6C7D3285","MAGNE.AI/assets/brand/partners/partner6.png"
"brand","partners","partner7.png",".png","391","8D7DE01BEDF2488E5C349C22AC82983D23D3D8EA9C232759442E0786152BED8E","MAGNE.AI/assets/brand/partners/partner7.png"
"brand","partners","partner8.png",".png","2253","2076F55A92391692F19E2BC7B91C0DCFC8C95D77A98D254574899B0BEB8C7BB8","MAGNE.AI/assets/brand/partners/partner8.png"
"brand","partners","planethares.png",".png","2761","4CA86C828D189173423B5C655CA114CE9B4A93444B892A8E41BBFADE8A03B49C","MAGNE.AI/assets/brand/partners/planethares.png"
"brand","partners","playsout-new.png",".png","7263","F85D44C2334948989B9A0EE6BAE6396CD13134E2EF5D58D6404FA6B7CB287AB6","MAGNE.AI/assets/brand/partners/playsout-new.png"
"brand","partners","playsout.png",".png","7263","F85D44C2334948989B9A0EE6BAE6396CD13134E2EF5D58D6404FA6B7CB287AB6","MAGNE.AI/assets/brand/partners/playsout.png"
"brand","partners","playsout_web.png",".png","2096","EE8A903A9E74230AB307129A937CF5A34984D7326EF9007BDB6F4DD5890DCE78","MAGNE.AI/assets/brand/partners/playsout_web.png"
"brand","partners","primeyield.svg",".svg","156548","9D00B613C45F6BF49953FE8CA476C97B99DD84C8C860664E902E4935AFFE4206","MAGNE.AI/assets/brand/partners/primeyield.svg"
"brand","partners","qitmeer.svg",".svg","24764","F7DEC40B49D9CBD29A77D4A26FB0B22D74D25517BD39B848455F33FEBBE8CE48","MAGNE.AI/assets/brand/partners/qitmeer.svg"
"brand","partners","redrock_web.png",".png","10706","74531B3FB24F3DCA131494FD7B9DB44CE437E920FFF6E02C7CB6AF392DAED26E","MAGNE.AI/assets/brand/partners/redrock_web.png"
"brand","partners","rei-network.png",".png","62319","EE2F1FED5BAE7FF324F61F7F221BB652AEE08F90B8719A720EF95D2D2A1D75DA","MAGNE.AI/assets/brand/partners/rei-network.png"
"brand","partners","rei.png",".png","243","70B183FE7C6C7463591FC58EF743B6B5F2411E3895FCB24D1A48ECDBBAF11193","MAGNE.AI/assets/brand/partners/rei.png"
"brand","partners","rei_web.png",".png","2621","10C3DBC54EDD4A3065E865412ED4469F425DAA27BD589514E241E7BF674FF02E","MAGNE.AI/assets/brand/partners/rei_web.png"
"brand","partners","rvx.png",".png","909773","B11EF95C0A58B25114737099E83F54CC45592FDE81BC48406A204868F5427175","MAGNE.AI/assets/brand/partners/rvx.png"
"brand","partners","samsung.png",".png","2139","5998CD775DED80F83B421B9C9F25BC80E0499F844079A517C137F82888B2088E","MAGNE.AI/assets/brand/partners/samsung.png"
"brand","partners","samsung_black.png",".png","29084","ADE94E407D795C49B58E2711410B60C77F9C11771F9556D2C8CF455C31A3FC94","MAGNE.AI/assets/brand/partners/samsung_black.png"
"brand","partners","samsung_hires.png",".png","104956","7A79CA7FA7A1323D0218CABC3BF98A3B7A17C216232AFC717FE2356F566B4C12","MAGNE.AI/assets/brand/partners/samsung_hires.png"
"brand","partners","samsung_inv.png",".png","2906","076FEF0C7A348FADCB517760564B090C00A7BF8CD9D399907FDC43BCB22ED6E5","MAGNE.AI/assets/brand/partners/samsung_inv.png"
"brand","partners","samsung_official.png",".png","2168","28825807881ECF98A2CAAACDA43EA2B3A2D6ED0850669E5312966B6BA49DCA87","MAGNE.AI/assets/brand/partners/samsung_official.png"
"brand","partners","samsung_si.png",".png","6044","5EAB0B66049A9EA90731AE7C7D22BDFC217146E36D5A26ACF2E91C27E430B2CB","MAGNE.AI/assets/brand/partners/samsung_si.png"
"brand","partners","samsung_web.png",".png","5107","3B7B09D57F40F58C9851EF373E416FF9B934B46E98DB89F4A0FC5694EE687E66","MAGNE.AI/assets/brand/partners/samsung_web.png"
"brand","partners","samurai.png",".png","85638","C808606D6F16976C0E05092F40986A07F225C858566E0E3B6EF017AAFFE321A1","MAGNE.AI/assets/brand/partners/samurai.png"
"brand","partners","skhynix.png",".png","5012","F645516E88D8E3FFFF779DFD3BF1D33189FBCF0EC8D7615A3B86025182D49107","MAGNE.AI/assets/brand/partners/skhynix.png"
"brand","partners","skhynix.svg",".svg","9765","F906550FB533BF1D20BA73FDFFDAB2A210EB679577CDE146247ABBFDF62A78EE","MAGNE.AI/assets/brand/partners/skhynix.svg"
"brand","partners","skhynix_hires.png",".png","180202","3DB4CF866BD49C0C5EB12737ED98756B819EBBA1CF594B386F659A4C686121B4","MAGNE.AI/assets/brand/partners/skhynix_hires.png"
"brand","partners","skhynix_web.png",".png","7782","C1912412701E61CB66DADC4E072A7283FF6A26D2043C37959BA308082BCDA5E0","MAGNE.AI/assets/brand/partners/skhynix_web.png"
"brand","partners","socialgrowai.png",".png","101789","CDCB0FE16E51C103D6DD7FE74E4E0EE4316E602B4BFF88215F4EB84F14186C77","MAGNE.AI/assets/brand/partners/socialgrowai.png"
"brand","partners","soda.png",".png","2687","8309D2CE5FB0F51A9F0311C94843A19B11D337BDDAE3F7E48E35523C1CA6AD7C","MAGNE.AI/assets/brand/partners/soda.png"
"brand","partners","soei.png",".png","124081","7301703C4FD7D69463D5435E50AE9AD62E02231A41D7DC193FF2B414A3D99F1D","MAGNE.AI/assets/brand/partners/soei.png"
"brand","partners","stabilityworld.svg",".svg","7810","848ACE5BD8A259996A79B0267EBFF82D57928167B6DCDB56DE24A33EA4043841","MAGNE.AI/assets/brand/partners/stabilityworld.svg"
"brand","partners","stabilityworld_web.png",".png","269","12A94E09CAF0F4C0C649C8DEB71163AA024834BBFDFF0693270524A6B84CFCC6","MAGNE.AI/assets/brand/partners/stabilityworld_web.png"
"brand","partners","tag.svg",".svg","6520","29504E4BB327DCE8558B0496DCBF8D50518AEA00550CE618CE02C7F8EB4F7844","MAGNE.AI/assets/brand/partners/tag.svg"
"brand","partners","tbv.png",".png","1997","1A91F83C7D4B5E087C8C9351D2BD4440F69E6FA87D99E1A34AA2A2C2885EFFA0","MAGNE.AI/assets/brand/partners/tbv.png"
"brand","partners","tdk.png",".png","1015","45E94863CEA2AA7A79752F588F5FBD2C8B6B14FAA77041947969D92EC2559B8D","MAGNE.AI/assets/brand/partners/tdk.png"
"brand","partners","tdk.svg",".svg","3432","0B006E332B4713FDF5359EE6311916163B5885D629C3C716576063741CDFBEEC","MAGNE.AI/assets/brand/partners/tdk.svg"
"brand","partners","tdk_hires.png",".png","56468","533CDDE8C9BC4776ADEC5FB3F944357985506673F9D96248A17CC32C5407F04D","MAGNE.AI/assets/brand/partners/tdk_hires.png"
"brand","partners","tdk_inv.png",".png","2713","197F7E9395FEDE7625BA2084E6B17A015DADD6243F1AF40090D526D10936876F","MAGNE.AI/assets/brand/partners/tdk_inv.png"
"brand","partners","tdk_logo.png",".png","6873","C3929BA35DA5D7A39F9AF6FD26977F210881E9E8DD65EFB7677857BBEC41DE50","MAGNE.AI/assets/brand/partners/tdk_logo.png"
"brand","partners","techflow.png",".png","9427","D113A90C590B64F8B771A00745640735EA3A63A5F18E62869B1145171AF79BF2","MAGNE.AI/assets/brand/partners/techflow.png"
"brand","partners","teltlk.png",".png","73323","E6A57E91199CB9A37A3C9FB8891891C97C833F9F95F98A4A44FEF039435D4963","MAGNE.AI/assets/brand/partners/teltlk.png"
"brand","partners","ti.svg",".svg","13964","1845E42F27EFA3538084C882C431C17B7CC3BF3BDE6364E430338B3CD2E7E620","MAGNE.AI/assets/brand/partners/ti.svg"
"brand","partners","twitter-new.jpg",".jpg","36241","150EDCE612519A9C93627F143F126A72681B89B92F0E5B89D1123042F0FF9E09","MAGNE.AI/assets/brand/partners/twitter-new.jpg"
"brand","partners","twitter-profile.jpg",".jpg","8212","50917A44EFC582BFBC4C0FE08B3C516566DA7442EC8CF2B2D83255100A35D0F5","MAGNE.AI/assets/brand/partners/twitter-profile.jpg"
"brand","partners","u2dpn.svg",".svg","4681","52FB909B84A6D2158B01A6A962A9B2733B40B58F6495C7265E9C062B4AC0129B","MAGNE.AI/assets/brand/partners/u2dpn.svg"
"brand","partners","u2u.svg",".svg","7422","2FE113AE0904498F1B5934098BE44E1B4BA8BB7ECB411B5B70C004410FF8B31F","MAGNE.AI/assets/brand/partners/u2u.svg"
"brand","partners","u2u_web.png",".png","1281","16F2163C8F8E62EF1862FBA7DF30CF46E6F8668550C6B7CE30775375A3CE51D0","MAGNE.AI/assets/brand/partners/u2u_web.png"
"brand","partners","unisoc_web.png",".png","8399","48B5FCB482CAF6CEAC965B987DF69C8B9ACA92C7EC7EC1A60C042A31913A2449","MAGNE.AI/assets/brand/partners/unisoc_web.png"
"brand","partners","virgocx-actual.png",".png","7812","6B16A81BB51A7E3EF860B4471B81428038252A215A9EC87F58F733B785702C12","MAGNE.AI/assets/brand/partners/virgocx-actual.png"
"brand","partners","virgocx-new.png",".png","7833","1E9A7CCC2D580CF70770D059524CDA24DCFAE91B7D1326DF0E47306D064CC135","MAGNE.AI/assets/brand/partners/virgocx-new.png"
"brand","partners","virgocx.png",".png","3502","82139AA565AB06F3EA93A89BE9677C7C9EB8FFCDA024312800136F37D6EFA9D7","MAGNE.AI/assets/brand/partners/virgocx.png"
"brand","partners","wd.png",".png","310","EE2B17950F799F233CAD507E99CBA2AE7CE019752C27ADF7EE335AF8480F01EF","MAGNE.AI/assets/brand/partners/wd.png"
"brand","partners","wd.svg",".svg","5138","8614F0FE6522DC1BE3D43B22DBED0D3B56CCCB29CEA2E781162CD88B547A0154","MAGNE.AI/assets/brand/partners/wd.svg"
"brand","partners","wd_better.png",".png","7663","32D4E1CEE29CC17F19C69377B5A056732A571420A1E436A2E94E879EAE302EE4","MAGNE.AI/assets/brand/partners/wd_better.png"
"brand","partners","wd_better_inv.png",".png","7765","55E8A153CE9DE5CB176C4A01A0DFD771592720DE63C6F9DD6DDF3642D0AAAC38","MAGNE.AI/assets/brand/partners/wd_better_inv.png"
"brand","partners","wd_final2.png",".png","8860","60D39615BF6693F654F7DAB6CFA5713F9BD8F2872389140059CB0EEEBD7C44D8","MAGNE.AI/assets/brand/partners/wd_final2.png"
"brand","partners","wd_hires.png",".png","94908","F85315482F14F7FD8D9BB4865F284039DE963752DEC40CA83F92502EC3F51ADA","MAGNE.AI/assets/brand/partners/wd_hires.png"
"brand","partners","wd_inv.png",".png","4356","4981288E4C9B16324451EE6BC93A1D512C07CB297B3ED9C3DE785D98AB88BA65","MAGNE.AI/assets/brand/partners/wd_inv.png"
"brand","partners","wd_logo.png",".png","7005","8CDC64AB5C1AE8498A6D88B898F003E145EAA5CD9BD0E227D73553D896D4EC9F","MAGNE.AI/assets/brand/partners/wd_logo.png"
"brand","partners","wd_web_final.png",".png","2931","F11336FBC0D0A06D8D855DF27EDB365AC91E7ACE4C3A1E69D8FFBED37DA0CD02","MAGNE.AI/assets/brand/partners/wd_web_final.png"
"brand","partners","weex.png",".png","5363","D4F61ADBBB943331FAE1229F2D314F00D778BCA18975C15B5DA58EC23C312CDA","MAGNE.AI/assets/brand/partners/weex.png"
"brand","partners","wix-logo.png",".png","5226","C5C128F98F8A9E3F70D2B712B27D0E4E91B455A0FA3214598746755CD9B0E7C7","MAGNE.AI/assets/brand/partners/wix-logo.png"
"brand","partners","xt.png",".png","2914","898F4DF28FE1081A3DB5A488FC95366A17FB25071C35E6A3F6A59D43732CBB4E","MAGNE.AI/assets/brand/partners/xt.png"
"brand","partners","1zeni.png",".png","3230","B329ECD578F998D305172FA7556B1942960CBDF3A9445EB2582DEBD510A637EA","MAGNE.AI/assets/brand/partners/ecosystem/1zeni.png"
"brand","partners","21dao.png",".png","31569","ECB90015E7820E7391901D98881BAC20A388B973BFDF0EFAC17CC251A2CA080A","MAGNE.AI/assets/brand/partners/ecosystem/21dao.png"
"brand","partners","agentbay.png",".png","6471","9D76DA597E770E34D7E23475A6E7E9B648D07DB91C8BB1A4E0886F75F5BAA696","MAGNE.AI/assets/brand/partners/ecosystem/agentbay.png"
"brand","partners","agentbay_web.png",".png","4383","B06CEB8128668A62E8467DE9E3A87A6A48C97C50305F797CFDC7846E8B3016AB","MAGNE.AI/assets/brand/partners/ecosystem/agentbay_web.png"
"brand","partners","aios-ventures.png",".png","1865","F26E16C5F1ADBAE8BE5C2816BB120F606422A1B2CD03340CFFFC82995285DA23","MAGNE.AI/assets/brand/partners/ecosystem/aios-ventures.png"
"brand","partners","aios.jpg",".jpg","68548","AED60A35ED8BB8DB516CA98AF595A60E0EF417DBA01D0E3FA6A86F6B779BA57A","MAGNE.AI/assets/brand/partners/ecosystem/aios.jpg"
"brand","partners","aios.png",".png","1865","F26E16C5F1ADBAE8BE5C2816BB120F606422A1B2CD03340CFFFC82995285DA23","MAGNE.AI/assets/brand/partners/ecosystem/aios.png"
"brand","partners","aios_web.png",".png","4630","418F0946E470CDF6032D66F516C237AE32FBA0C22061118BFB875CBB0A0D7693","MAGNE.AI/assets/brand/partners/ecosystem/aios_web.png"
"brand","partners","ascendex.svg",".svg","6520","29504E4BB327DCE8558B0496DCBF8D50518AEA00550CE618CE02C7F8EB4F7844","MAGNE.AI/assets/brand/partners/ecosystem/ascendex.svg"
"brand","partners","ascendex_web.png",".png","264","E8AF1F0FE0BD955E5661FB0E4F0A65AAE79F11DE22E668ABE6AE5020062560A7","MAGNE.AI/assets/brand/partners/ecosystem/ascendex_web.png"
"brand","partners","attrace.svg",".svg","6342","C64C96F68F15160F552095B3A1D34958F16FDFBA5D37AC85D82D9E7CA2B974C0","MAGNE.AI/assets/brand/partners/ecosystem/attrace.svg"
"brand","partners","attRace_web.png",".png","4410","895A62342180295F20CC3FF66924B3A6C879283879FB214D671267E0E193F11C","MAGNE.AI/assets/brand/partners/ecosystem/attRace_web.png"
"brand","partners","avedex.png",".png","1413","C867D29781CDBBC64A72CA23F99C4BF59305B9708F5EF8311D341E63A56D7CED","MAGNE.AI/assets/brand/partners/ecosystem/avedex.png"
"brand","partners","ave_ai.png",".png","5493","6F5A7B1114B53794BA827F0CE644A77DE72203AADA56908B9BCDF41F6861894B","MAGNE.AI/assets/brand/partners/ecosystem/ave_ai.png"
"brand","partners","ave_ai_web.png",".png","4618","1EEEB7426D0BCB777339138929B1C1FCC997C960EBA0B6F3FA0D66D19D0C4246","MAGNE.AI/assets/brand/partners/ecosystem/ave_ai_web.png"
"brand","partners","aylab.webp",".webp","2898","7ABCFA8C98511E98BE63CE305DCF787C680B52DD5115783B4AC18E97CEFDA385","MAGNE.AI/assets/brand/partners/ecosystem/aylab.webp"
"brand","partners","aylab2.webp",".webp","2898","7ABCFA8C98511E98BE63CE305DCF787C680B52DD5115783B4AC18E97CEFDA385","MAGNE.AI/assets/brand/partners/ecosystem/aylab2.webp"
"brand","partners","becker.png",".png","10167","D8919A387610DCCBBD0F150C9E297279E9551571EBD53F9EE98F16492DBFD440","MAGNE.AI/assets/brand/partners/ecosystem/becker.png"
"brand","partners","becker_web.png",".png","8460","293963CF0376746DAD0F2B04A7F6ACCA2D21AE494C8DCD540452A6FF752A0AE7","MAGNE.AI/assets/brand/partners/ecosystem/becker_web.png"
"brand","partners","beosin.png",".png","4286","E0C92129B070CB2E58EBD7326BFFC70DB88CD32210ECCC408E5D928CC41C5833","MAGNE.AI/assets/brand/partners/ecosystem/beosin.png"
"brand","partners","bitget.png",".png","42967","B8E4948D74F94B56C9B9CBB6D6AEF8EE6C79C87CE72614DE55FBA5C3DFFA3C1C","MAGNE.AI/assets/brand/partners/ecosystem/bitget.png"
"brand","partners","bitpush.png",".png","5306","8CBCDB4E6D09139B29994C07172B061960F49B62390C769C5A8442B0DBA3EB76","MAGNE.AI/assets/brand/partners/ecosystem/bitpush.png"
"brand","partners","bitpush_web.png",".png","4830","0A0776DC82229847B13E5D569F3403E376AEDFF17CECA75019DA8F0A87403F1A","MAGNE.AI/assets/brand/partners/ecosystem/bitpush_web.png"
"brand","partners","blockbeats.svg",".svg","19501","334B3538A3D619E203517C623E8CAF82FF4DAEF19D92C4F692B443E9D15E7CA8","MAGNE.AI/assets/brand/partners/ecosystem/blockbeats.svg"
"brand","partners","blockbeats_web.png",".png","302","92895E77AE30AF857C0F6E0C5D430455C08170BD47641A24EEBA1D68B16B2397","MAGNE.AI/assets/brand/partners/ecosystem/blockbeats_web.png"
"brand","partners","castrum.png",".png","154378","6F8FD3171E77148EC312EA645B957F57CAFB301DE5431EE646298ABCB638995E","MAGNE.AI/assets/brand/partners/ecosystem/castrum.png"
"brand","partners","castrum_web.png",".png","5172","19BF7793358D0B83AD916DB94D9366C5313415ABD45B126685EA9888C56B0696","MAGNE.AI/assets/brand/partners/ecosystem/castrum_web.png"
"brand","partners","chaincatcher_web.png",".png","5121","EAB363408B79544359825A999EE7D47AEB1A03DE0FE278A13F671469B4C82F5A","MAGNE.AI/assets/brand/partners/ecosystem/chaincatcher_web.png"
"brand","partners","chainthink.png",".png","2352","AB952B2F8A6107C18818D72CEDD2F1F0DF9A5B477CCA16DAC3135F26DE21FE80","MAGNE.AI/assets/brand/partners/ecosystem/chainthink.png"
"brand","partners","cheersland.png",".png","5771","C3382306034A8A47922D6880B36BA4B33010D64028773458B8674BF9A2B0F8F3","MAGNE.AI/assets/brand/partners/ecosystem/cheersland.png"
"brand","partners","cipherbc.png",".png","4303","B028F62A0B7BEAD47A53E9953031537A99FD64105B26FBA72A40122FFCCD6970","MAGNE.AI/assets/brand/partners/ecosystem/cipherbc.png"
"brand","partners","crmclick.png",".png","157482","592D4701921C4A677E3AA6FD69BB3E1662356AE69976D52612CB3BF0B9DEF5F7","MAGNE.AI/assets/brand/partners/ecosystem/crmclick.png"
"brand","partners","depinscan.png",".png","1101","ADD3482301BFBFBEF70CC2830AC845362EA7BE406EB59C1A09FDDC299A496955","MAGNE.AI/assets/brand/partners/ecosystem/depinscan.png"
"brand","partners","depinscan_web.png",".png","1101","5939D444D6577FD4C3D1D7BB6839810AE1887F1A8AED85F28DCBB0F05F5B16B5","MAGNE.AI/assets/brand/partners/ecosystem/depinscan_web.png"
"brand","partners","dmail.svg",".svg","1261","8CAC8748A63DEDECFDA8FDB95F720A1517D08E9BB6B0E085BB8B63014145C3CD","MAGNE.AI/assets/brand/partners/ecosystem/dmail.svg"
"brand","partners","dmail_web.png",".png","8272","B0F2CA19EA4EC75BF69D34F5E4B0CA0C5A63449B41A7903A08DE66CFF0AEB986","MAGNE.AI/assets/brand/partners/ecosystem/dmail_web.png"
"brand","partners","duckdao.png",".png","5550","755964B8A56DFB091EE832DA94F60FEA0EC402A74944683D8BB0D353BFDF4BE0","MAGNE.AI/assets/brand/partners/ecosystem/duckdao.png"
"brand","partners","duckdao_web.png",".png","2913","F67A9262801B741E892C4483A51AA98A8CB4605AD3DB6E4274C47A9842E35EA5","MAGNE.AI/assets/brand/partners/ecosystem/duckdao_web.png"
"brand","partners","eni.png",".png","18074","2970C8C176061859FC06F08CC7FB3E1D9A1185E4660BF3E478E223CC7CC65A0A","MAGNE.AI/assets/brand/partners/ecosystem/eni.png"
"brand","partners","eni_web.png",".png","9011","5A4B7A4EFC85F7F2B474ED575638BA36074B60EE3042B314747D275011CF8D25","MAGNE.AI/assets/brand/partners/ecosystem/eni_web.png"
"brand","partners","evx.png",".png","69809","EB5851A0601433A32092DBE9F461ACB04ABE5B44593E386E31DBC181B1C33C73","MAGNE.AI/assets/brand/partners/ecosystem/evx.png"
"brand","partners","evx_web.png",".png","5950","98253D49549BFB5A02494964EAFD3F19E1A503F01BA0AF9CBB892D168F66266C","MAGNE.AI/assets/brand/partners/ecosystem/evx_web.png"
"brand","partners","fih-white.svg",".svg","3090","74347666D61C4A39E038217C49E512044250A566BF6EC6C26578ACB64EE30FF1","MAGNE.AI/assets/brand/partners/ecosystem/fih-white.svg"
"brand","partners","fognet.png",".png","14004","EA205862D299C1F15F6A1269D145B4ACA01DFFCEF04CA169459C720D65F5C442","MAGNE.AI/assets/brand/partners/ecosystem/fognet.png"
"brand","partners","fognet_web.png",".png","2322","A13F6AA3FDBF96A33A5B43D6A00003E5E74D87B1AD10DA29F1A32BBC77B6C1E1","MAGNE.AI/assets/brand/partners/ecosystem/fognet_web.png"
"brand","partners","gamepad.svg",".svg","13014","10DFECDB8DE4F48DBB3DE27613403EFCDD236E5FFCEC9FF00B2A40DCB663E8D8","MAGNE.AI/assets/brand/partners/ecosystem/gamepad.svg"
"brand","partners","gamepad_web.png",".png","264","3DC76CB0C15C4A36AE15859264103B580B331F44461AF848EDB4423C1BC4B1DF","MAGNE.AI/assets/brand/partners/ecosystem/gamepad_web.png"
"brand","partners","grandgangstacity_web.png",".png","15267","E2FFC0746DC0337AFA5853F60EC992BF83483C8105C70586BE6CBEE825CE7096","MAGNE.AI/assets/brand/partners/ecosystem/grandgangstacity_web.png"
"brand","partners","gs.png",".png","16561","2807749D63810C022D4FDB5C104679D5DC44E785828946A683CE1D742DB44912","MAGNE.AI/assets/brand/partners/ecosystem/gs.png"
"brand","partners","gs_legal_llc.png",".png","16561","2807749D63810C022D4FDB5C104679D5DC44E785828946A683CE1D742DB44912","MAGNE.AI/assets/brand/partners/ecosystem/gs_legal_llc.png"
"brand","partners","gs_legal_llc_web.png",".png","1613","2741D7E737A4F33D7F165AEC90FC35AC722004DCA2462AA17DD429F206421163","MAGNE.AI/assets/brand/partners/ecosystem/gs_legal_llc_web.png"
"brand","partners","hpx_web.png",".png","2690","61F9F956A8F4FB65FFAAAD04FF37CC6488C2161BA39109E26284456F3C147229","MAGNE.AI/assets/brand/partners/ecosystem/hpx_web.png"
"brand","partners","hyra.svg",".svg","13407","CCE65B0E88BFC2C147C8BC91F98414AD54726E122BEFE9726B7F3CD77DB1E212","MAGNE.AI/assets/brand/partners/ecosystem/hyra.svg"
"brand","partners","hyra_web.png",".png","350","CD216B863786316DDC07EEAD487E18452E8F94BF7F5F7F7CA123E01D7776D2B9","MAGNE.AI/assets/brand/partners/ecosystem/hyra_web.png"
"brand","partners","iflux.svg",".svg","5883","43ECAFA1A4522497531512B977339B7E04A75554C9BA18C787C1252392E881A8","MAGNE.AI/assets/brand/partners/ecosystem/iflux.svg"
"brand","partners","iflux_web.png",".png","788","0E94F21A8D39BD298CBB33B9BEAC7BCCA24324A4B629A42CDEB2CBE69C4E0747","MAGNE.AI/assets/brand/partners/ecosystem/iflux_web.png"
"brand","partners","iotex_web.png",".png","5254","28E212F0E0F6BE9D35CA23EA779559D43FDB1117C2F5B3FB2D550AD139E22677","MAGNE.AI/assets/brand/partners/ecosystem/iotex_web.png"
"brand","partners","jinse_web.png",".png","4622","07D2456F40086650EF389589EF7342A3036817B43071E12B0002A250A545E92B","MAGNE.AI/assets/brand/partners/ecosystem/jinse_web.png"
"brand","partners","kpopclick-green.png",".png","3036","42E5DD9A1427D702483828BA2F7EC0F7926A95B8ADF47554E3F7868DAB9688EE","MAGNE.AI/assets/brand/partners/ecosystem/kpopclick-green.png"
"brand","partners","kucoin.png",".png","10689","B610D2DC27E1BDAAF495E2E47176CD3B2093B5832F64EAE08AB387348237446E","MAGNE.AI/assets/brand/partners/ecosystem/kucoin.png"
"brand","partners","kucoin_web.png",".png","3409","EC53D18FB3E700F1C58B3CCEB2ACF707335C7621D9655CE6E15ACE32F7D649D5","MAGNE.AI/assets/brand/partners/ecosystem/kucoin_web.png"
"brand","partners","landload_web.png",".png","20756","0EB7BCA7601D4FC0AA47F57103272D9F4C51370E4347152D8B948661E73AC138","MAGNE.AI/assets/brand/partners/ecosystem/landload_web.png"
"brand","partners","lbank.png",".png","6287","391E2C4794C14DBC0E47F86A3767E90FADD3BC8563FA9551047092030FAE0D57","MAGNE.AI/assets/brand/partners/ecosystem/lbank.png"
"brand","partners","LinkLayer AI.png",".png","62319","EE2F1FED5BAE7FF324F61F7F221BB652AEE08F90B8719A720EF95D2D2A1D75DA","MAGNE.AI/assets/brand/partners/ecosystem/LinkLayer AI.png"
"brand","partners","linklayer.png",".png","10049","6019E288175924E9AC41A4316688D2C3E1CD4981E3A847C9FD0454229E068E9B","MAGNE.AI/assets/brand/partners/ecosystem/linklayer.png"
"brand","partners","linklayer_ai.png",".png","62319","EE2F1FED5BAE7FF324F61F7F221BB652AEE08F90B8719A720EF95D2D2A1D75DA","MAGNE.AI/assets/brand/partners/ecosystem/linklayer_ai.png"
"brand","partners","linklayer_ai_web.png",".png","2621","8EF9AEEE31CD9533CA74A40D08AB3DA3389E8B70EA54C1E5E92C4BBA7DDE3A79","MAGNE.AI/assets/brand/partners/ecosystem/linklayer_ai_web.png"
"brand","partners","logo.png",".png","495361","30F7CEDE0D012163503D18AD22F13E4F46BB6D9798E56C751909F3DFEAD8D06A","MAGNE.AI/assets/brand/partners/ecosystem/logo.png"
"brand","partners","manuspay.png",".png","883903","F878D4D2E970CF734E55EE826CEF321D1016CD56EA80AE6FBC5673A8BB483DDC","MAGNE.AI/assets/brand/partners/ecosystem/manuspay.png"
"brand","partners","manuspay_web.png",".png","5012","2759F7CC65507025E8C5623202B6CD8D6FC90A7DC2186016D5DCA1E74CCA3DDB","MAGNE.AI/assets/brand/partners/ecosystem/manuspay_web.png"
"brand","partners","medium.png",".png","7805","7A9E943C62DFBBFF49253501165AE0C787B4B1CD71528AC2562CFBDFDE81858C","MAGNE.AI/assets/brand/partners/ecosystem/medium.png"
"brand","partners","medium_web.png",".png","4250","05DFAB98720CEB3A8F05241D70D425BDD3BAD937A0C72BC804A79E5D6DB4624A","MAGNE.AI/assets/brand/partners/ecosystem/medium_web.png"
"brand","partners","menya_web.png",".png","3794","26D686053F8076D0B43E88FACE510F1AB9E6817F71FB3767D5726B062A33AE6A","MAGNE.AI/assets/brand/partners/ecosystem/menya_web.png"
"brand","partners","meta_arena.png",".png","7805","7A9E943C62DFBBFF49253501165AE0C787B4B1CD71528AC2562CFBDFDE81858C","MAGNE.AI/assets/brand/partners/ecosystem/meta_arena.png"
"brand","partners","meta_arena_web.png",".png","4250","7B1C14CDEE2457378825E70B047081B88B638E9310DF39D0B8494932DFA6FA61","MAGNE.AI/assets/brand/partners/ecosystem/meta_arena_web.png"
"brand","partners","mexc.png",".png","4930","44B4532713C1DB289C4DD8E2946F937B28D92F42CDBF3B967CA406455038E618","MAGNE.AI/assets/brand/partners/ecosystem/mexc.png"
"brand","partners","mexc.svg",".svg","3090","74347666D61C4A39E038217C49E512044250A566BF6EC6C26578ACB64EE30FF1","MAGNE.AI/assets/brand/partners/ecosystem/mexc.svg"
"brand","partners","mexc_web.png",".png","3105","1D05AEB4ACD87A8A66AB44D8B24BAB38ECA50F9A6B1C7EFDDE4347B8AE3AA298","MAGNE.AI/assets/brand/partners/ecosystem/mexc_web.png"
"brand","partners","mixmax.png",".png","5226","C5C128F98F8A9E3F70D2B712B27D0E4E91B455A0FA3214598746755CD9B0E7C7","MAGNE.AI/assets/brand/partners/ecosystem/mixmax.png"
"brand","partners","mixmax_web.png",".png","1170","D4B767FB1C36EF26369A99E38B2CE5F9386C7EA0EBD7313812631FE3023D5DD3","MAGNE.AI/assets/brand/partners/ecosystem/mixmax_web.png"
"brand","partners","mobinode.svg",".svg","660737","4A6ECD9EB7401D163AA4D37E8AE437A808FE29A2395D4AEE91A589A915D5DF8C","MAGNE.AI/assets/brand/partners/ecosystem/mobinode.svg"
"brand","partners","mobinode_web.png",".png","265","19D2BAD26B501C9475999BDFDF5071C71BAC89971F78D778E5A21534906A9C35","MAGNE.AI/assets/brand/partners/ecosystem/mobinode_web.png"
"brand","partners","momofun.png",".png","6657","D223583789D02A702D716D44146DC1E0B4A9038C9965B801899BAF23D3110175","MAGNE.AI/assets/brand/partners/ecosystem/momofun.png"
"brand","partners","momofun_web.png",".png","4620","46DB91386F1626C239C7D240C0CBCE652F5875641EF84096F9BF5319F9C9B6DC","MAGNE.AI/assets/brand/partners/ecosystem/momofun_web.png"
"brand","partners","nodle.svg",".svg","5980","80F310A88C8DA4E51F69CF13724302A42A4665FC5B7FE0870EF54BEB5D2CE361","MAGNE.AI/assets/brand/partners/ecosystem/nodle.svg"
"brand","partners","nodle_web.png",".png","266","B73D8AD272A38E4740A8505DC3DFF4D25A958F35982322F2A3F18FFF962E862E","MAGNE.AI/assets/brand/partners/ecosystem/nodle_web.png"
"brand","partners","nowchain.svg",".svg","660737","4A6ECD9EB7401D163AA4D37E8AE437A808FE29A2395D4AEE91A589A915D5DF8C","MAGNE.AI/assets/brand/partners/ecosystem/nowchain.svg"
"brand","partners","nowchain_web.png",".png","265","24BCAA8A82560CA666942872DB9F8D653C4B93200B6EC9567E73C71293C9E8AF","MAGNE.AI/assets/brand/partners/ecosystem/nowchain_web.png"
"brand","partners","planethares.png",".png","2761","4CA86C828D189173423B5C655CA114CE9B4A93444B892A8E41BBFADE8A03B49C","MAGNE.AI/assets/brand/partners/ecosystem/planethares.png"
"brand","partners","planethares_web.png",".png","2761","A6E7A500D872BC14586AB5A06EDDCE81A48C307A7911336A8FE9A6AF4485A29E","MAGNE.AI/assets/brand/partners/ecosystem/planethares_web.png"
"brand","partners","playsout_web.png",".png","2096","EE8A903A9E74230AB307129A937CF5A34984D7326EF9007BDB6F4DD5890DCE78","MAGNE.AI/assets/brand/partners/ecosystem/playsout_web.png"
"brand","partners","primeyield.svg",".svg","156548","9D00B613C45F6BF49953FE8CA476C97B99DD84C8C860664E902E4935AFFE4206","MAGNE.AI/assets/brand/partners/ecosystem/primeyield.svg"
"brand","partners","primeyield_web.png",".png","450","02C3F18DB28C7351F95215A3BA97B912BA5451D0911C27F8011A78F889DF9F89","MAGNE.AI/assets/brand/partners/ecosystem/primeyield_web.png"
"brand","partners","qitmeer.svg",".svg","24764","F7DEC40B49D9CBD29A77D4A26FB0B22D74D25517BD39B848455F33FEBBE8CE48","MAGNE.AI/assets/brand/partners/ecosystem/qitmeer.svg"
"brand","partners","qitmeer_web.png",".png","268","EB5C76C026B7A1187CAF36F1084F7230E3954369ED35EAD53BFDD35852CD52A3","MAGNE.AI/assets/brand/partners/ecosystem/qitmeer_web.png"
"brand","partners","rei_web.png",".png","2621","10C3DBC54EDD4A3065E865412ED4469F425DAA27BD589514E241E7BF674FF02E","MAGNE.AI/assets/brand/partners/ecosystem/rei_web.png"
"brand","partners","samurai.png",".png","85638","C808606D6F16976C0E05092F40986A07F225C858566E0E3B6EF017AAFFE321A1","MAGNE.AI/assets/brand/partners/ecosystem/samurai.png"
"brand","partners","samurai_warlords.png",".png","85638","C808606D6F16976C0E05092F40986A07F225C858566E0E3B6EF017AAFFE321A1","MAGNE.AI/assets/brand/partners/ecosystem/samurai_warlords.png"
"brand","partners","samurai_warlords_web.png",".png","9855","4716A47043F132AE0A40E8D9E2C87412F9FBCD8B4251229533BAED3301A3FABC","MAGNE.AI/assets/brand/partners/ecosystem/samurai_warlords_web.png"
"brand","partners","snowball.png",".png","495361","30F7CEDE0D012163503D18AD22F13E4F46BB6D9798E56C751909F3DFEAD8D06A","MAGNE.AI/assets/brand/partners/ecosystem/snowball.png"
"brand","partners","snowball_web.png",".png","3969","B7EC366897D2A74919D85ACCA974F0AD259BC8B75CB02DEE91E9D4AF8BAF08CF","MAGNE.AI/assets/brand/partners/ecosystem/snowball_web.png"
"brand","partners","socialgrowai.png",".png","101789","CDCB0FE16E51C103D6DD7FE74E4E0EE4316E602B4BFF88215F4EB84F14186C77","MAGNE.AI/assets/brand/partners/ecosystem/socialgrowai.png"
"brand","partners","socialgrowai_web.png",".png","2776","8866625C21516FAF8976D4A904514E1BAEBD1E86C7C9881244226F473627044A","MAGNE.AI/assets/brand/partners/ecosystem/socialgrowai_web.png"
"brand","partners","soda.png",".png","2687","8309D2CE5FB0F51A9F0311C94843A19B11D337BDDAE3F7E48E35523C1CA6AD7C","MAGNE.AI/assets/brand/partners/ecosystem/soda.png"
"brand","partners","soda_web.png",".png","3510","0E7C2F544E2753359B6A7D88A018C8EF58DDDC9C63F2ED22E4EA4CFAF2735AC5","MAGNE.AI/assets/brand/partners/ecosystem/soda_web.png"
"brand","partners","soei.png",".png","124081","7301703C4FD7D69463D5435E50AE9AD62E02231A41D7DC193FF2B414A3D99F1D","MAGNE.AI/assets/brand/partners/ecosystem/soei.png"
"brand","partners","soei_web.png",".png","5539","99881956BDBCCE734168F46E651CA0592FC3CEDBB31CC01C82429AF61C31B21C","MAGNE.AI/assets/brand/partners/ecosystem/soei_web.png"
"brand","partners","stabilityworld.svg",".svg","7810","848ACE5BD8A259996A79B0267EBFF82D57928167B6DCDB56DE24A33EA4043841","MAGNE.AI/assets/brand/partners/ecosystem/stabilityworld.svg"
"brand","partners","stabilityworld_web.png",".png","268","9411B689DDB6D33B55760FDBF631B1F617E1C3F19479B5885F7DE6971B7F6F72","MAGNE.AI/assets/brand/partners/ecosystem/stabilityworld_web.png"
"brand","partners","tag.svg",".svg","6520","29504E4BB327DCE8558B0496DCBF8D50518AEA00550CE618CE02C7F8EB4F7844","MAGNE.AI/assets/brand/partners/ecosystem/tag.svg"
"brand","partners","tbv.png",".png","1997","1A91F83C7D4B5E087C8C9351D2BD4440F69E6FA87D99E1A34AA2A2C2885EFFA0","MAGNE.AI/assets/brand/partners/ecosystem/tbv.png"
"brand","partners","tbv_web.png",".png","1997","59E2DCD44D2E1B1D7E348667BFF3D7128FFC3A6B7F31C3EC303EE26004F2056D","MAGNE.AI/assets/brand/partners/ecosystem/tbv_web.png"
"brand","partners","tdk_inv.png",".png","2713","197F7E9395FEDE7625BA2084E6B17A015DADD6243F1AF40090D526D10936876F","MAGNE.AI/assets/brand/partners/ecosystem/tdk_inv.png"
"brand","partners","techflow.png",".png","9427","D113A90C590B64F8B771A00745640735EA3A63A5F18E62869B1145171AF79BF2","MAGNE.AI/assets/brand/partners/ecosystem/techflow.png"
"brand","partners","techflow_web.png",".png","3272","F84E9A4EFC6FF65E9A7B428B16017ABDAC88178F59BF715C896A6D1AB1632137","MAGNE.AI/assets/brand/partners/ecosystem/techflow_web.png"
"brand","partners","teltlk.png",".png","73323","E6A57E91199CB9A37A3C9FB8891891C97C833F9F95F98A4A44FEF039435D4963","MAGNE.AI/assets/brand/partners/ecosystem/teltlk.png"
"brand","partners","teltlk_web.png",".png","1949","27991C14D84ECF3EE55ECA05533A286995E7FA999D30EE889C58E96B73FAED51","MAGNE.AI/assets/brand/partners/ecosystem/teltlk_web.png"
"brand","partners","TX24.png",".png","19512","791D3C092C6C71CD55F7883B1F5A09BEA835080B70184A03EE2633D426B439E6","MAGNE.AI/assets/brand/partners/ecosystem/TX24.png"
"brand","partners","TX24_web.png",".png","3816","7899072533E28A97827BDE5D2823211CDF8F54D9C43FB88A32B605A67B781EDC","MAGNE.AI/assets/brand/partners/ecosystem/TX24_web.png"
"brand","partners","u2u.svg",".svg","7422","2FE113AE0904498F1B5934098BE44E1B4BA8BB7ECB411B5B70C004410FF8B31F","MAGNE.AI/assets/brand/partners/ecosystem/u2u.svg"
"brand","partners","u2u_network.svg",".svg","7422","2FE113AE0904498F1B5934098BE44E1B4BA8BB7ECB411B5B70C004410FF8B31F","MAGNE.AI/assets/brand/partners/ecosystem/u2u_network.svg"
"brand","partners","u2u_network_web.png",".png","1338","03F60A83E0B3C05B8241EF60ADA99E7E2D7B9BC966151836491C2156E1F68D9D","MAGNE.AI/assets/brand/partners/ecosystem/u2u_network_web.png"
"brand","partners","u2u_new.png",".png","7422","2FE113AE0904498F1B5934098BE44E1B4BA8BB7ECB411B5B70C004410FF8B31F","MAGNE.AI/assets/brand/partners/ecosystem/u2u_new.png"
"brand","partners","u2u_web.png",".png","1281","3761E457573978E8361D5B3A52177DB0FA5EF76C322618C182E80297DF621D22","MAGNE.AI/assets/brand/partners/ecosystem/u2u_web.png"
"brand","partners","virgocx.png",".png","6792","15C256ECE5028E9783BDD14F3F8B68493E2279D893201AF284F57AE993BCA508","MAGNE.AI/assets/brand/partners/ecosystem/virgocx.png"
"brand","partners","virgocx_web.png",".png","4080","E20FDA252E105620CCE89ADA3E2227CD8DAD6D14E3D70C195A06735D2B3FDBE6","MAGNE.AI/assets/brand/partners/ecosystem/virgocx_web.png"
"brand","partners","weex.png",".png","5363","D4F61ADBBB943331FAE1229F2D314F00D778BCA18975C15B5DA58EC23C312CDA","MAGNE.AI/assets/brand/partners/ecosystem/weex.png"
"brand","partners","xt.png",".png","2914","898F4DF28FE1081A3DB5A488FC95366A17FB25071C35E6A3F6A59D43732CBB4E","MAGNE.AI/assets/brand/partners/ecosystem/xt.png"
"brand","partners","becker.png",".png","10167","D8919A387610DCCBBD0F150C9E297279E9551571EBD53F9EE98F16492DBFD440","MAGNE.AI/assets/brand/partners/strategic/becker.png"
"brand","partners","bitget.png",".png","42967","B8E4948D74F94B56C9B9CBB6D6AEF8EE6C79C87CE72614DE55FBA5C3DFFA3C1C","MAGNE.AI/assets/brand/partners/strategic/bitget.png"
"brand","partners","castrum.png",".png","154378","6F8FD3171E77148EC312EA645B957F57CAFB301DE5431EE646298ABCB638995E","MAGNE.AI/assets/brand/partners/strategic/castrum.png"
"brand","partners","castrum_web.png",".png","2996","FCD2086CA86B7DD7F1AD7B49E2AE1241FC8DBE2D361C0ED94F0873C90A0A468A","MAGNE.AI/assets/brand/partners/strategic/castrum_web.png"
"brand","partners","deepmind_blue.png",".png","5139","95C6783DF846B5040FB9707D63F0DFA0EB811D7DCC32D75DE071A24B7CD564DB","MAGNE.AI/assets/brand/partners/strategic/deepmind_blue.png"
"brand","partners","duckdao.png",".png","5550","755964B8A56DFB091EE832DA94F60FEA0EC402A74944683D8BB0D353BFDF4BE0","MAGNE.AI/assets/brand/partners/strategic/duckdao.png"
"brand","partners","fih.png",".png","1703","E1AB4E9D70409194BBD0C2F33E6501BE12ED6CF38E18408105D2E358E60CA9CB","MAGNE.AI/assets/brand/partners/strategic/fih.png"
"brand","partners","google-logo.png",".png","11870","BAC3AB71F311A72B64B6E8A5A68DC077FFAA9BECA96B1885C7FF74891E20B1AB","MAGNE.AI/assets/brand/partners/strategic/google-logo.png"
"brand","partners","hed.png",".png","64876","70DB19E81D7DE752DE47CACBCAA09D61715270C2E289B3F6E14751F3A822AF3A","MAGNE.AI/assets/brand/partners/strategic/hed.png"
"brand","partners","imag_green.png",".png","4948","E708215065B895AC9E8663DFD5FA1E0C312F2EE877016AC98FDA15FEBE5F31A3","MAGNE.AI/assets/brand/partners/strategic/imag_green.png"
"brand","partners","kucoin.svg",".svg","10052","742585F1CDBBF266C69DE4892C4EB5E3D392BCA3251E0481C38D5BD286A3BFE8","MAGNE.AI/assets/brand/partners/strategic/kucoin.svg"
"brand","partners","mexc.png",".png","4930","44B4532713C1DB289C4DD8E2946F937B28D92F42CDBF3B967CA406455038E618","MAGNE.AI/assets/brand/partners/strategic/mexc.png"
"brand","partners","micron_inv.png",".png","2522","8E8E51507EDD2CFC144C779B6E2644B1A92341574B13B76E6E45E95B708281D5","MAGNE.AI/assets/brand/partners/strategic/micron_inv.png"
"brand","partners","redrock_web.png",".png","10706","74531B3FB24F3DCA131494FD7B9DB44CE437E920FFF6E02C7CB6AF392DAED26E","MAGNE.AI/assets/brand/partners/strategic/redrock_web.png"
"brand","partners","samsung_inv.png",".png","2906","076FEF0C7A348FADCB517760564B090C00A7BF8CD9D399907FDC43BCB22ED6E5","MAGNE.AI/assets/brand/partners/strategic/samsung_inv.png"
"brand","partners","skhynix_web.png",".png","7782","C1912412701E61CB66DADC4E072A7283FF6A26D2043C37959BA308082BCDA5E0","MAGNE.AI/assets/brand/partners/strategic/skhynix_web.png"
"brand","partners","tbv.png",".png","1997","1A91F83C7D4B5E087C8C9351D2BD4440F69E6FA87D99E1A34AA2A2C2885EFFA0","MAGNE.AI/assets/brand/partners/strategic/tbv.png"
"brand","partners","tdk_inv.png",".png","2713","197F7E9395FEDE7625BA2084E6B17A015DADD6243F1AF40090D526D10936876F","MAGNE.AI/assets/brand/partners/strategic/tdk_inv.png"
"brand","partners","ti.svg",".svg","13964","1845E42F27EFA3538084C882C431C17B7CC3BF3BDE6364E430338B3CD2E7E620","MAGNE.AI/assets/brand/partners/strategic/ti.svg"
"brand","partners","unisoc_web.png",".png","8399","48B5FCB482CAF6CEAC965B987DF69C8B9ACA92C7EC7EC1A60C042A31913A2449","MAGNE.AI/assets/brand/partners/strategic/unisoc_web.png"
"brand","partners","wd_better_inv.png",".png","7765","55E8A153CE9DE5CB176C4A01A0DFD771592720DE63C6F9DD6DDF3642D0AAAC38","MAGNE.AI/assets/brand/partners/strategic/wd_better_inv.png"
